review,aspect,context,sentiment,sentiment_score
Definately worth knowing,Price / Value,Definately worth knowing,Positive,0.9999999784229272
"this album is garbage,straight bfi material",Build Quality,"this album is garbage,straight bfi material",Negative,0.9999950609092909
Ibook Replacement Power Adapter,Battery,Ibook Replacement Power Adapter,Positive,0.9824753799152508
Low cost defective product,Price / Value,Low cost defective product,Negative,0.9999999999999527
great quality,Build Quality,great quality,Positive,0.6043497713641087
best money I ever spent on shape wear,Price / Value,best money I ever spent on shape wear,Negative,0.9804046158069613
waste of money,Price / Value,waste of money,Negative,0.9999999999999314
WORTH THE MONEY!!!!,Price / Value,WORTH THE MONEY,Negative,0.9997865235122964
AMAZZZZIIIING QUALITY!!,Build Quality,AMAZZZZIIIING QUALITY,Negative,0.9707336906682964
Cheap and works really well!,Price / Value,Cheap and works really well,Negative,0.9375766125536528
inseam torn/metal frame showing,Build Quality,inseam torn/metal frame showing,Negative,1.0
Not very durable,Build Quality,Not very durable,Negative,0.8964621721689682
substandard quality,Build Quality,substandard quality,Negative,1.0
Do not waste your money!!!,Price / Value,Do not waste your money,Negative,0.9999999999999314
"Good, expensive",Price / Value,"Good, expensive",Negative,0.958756577307467
Not worth the time or money,Price / Value,Not worth the time or money,Negative,0.999904303009979
Beautiful packaging - but the translation is terribly flawed.,Delivery / Packaging,Beautiful packaging -,Positive,0.9993751923926764
"Cool concept, not so good delivery. 2.5 Stars",Delivery / Packaging,"Cool concept, not so good delivery",Positive,0.967326842961626
Not worth the price,Price / Value,Not worth the price,Positive,0.9727089290713898
not worth it,Price / Value,not worth it,Negative,0.721810111928068
SOAD-not your average metal,Build Quality,SOAD-not your average metal,Positive,0.9999999999997384
"Nice material, but that's about it.",Build Quality,Nice material,Negative,0.6812151393736985
Price is right and it is a good stock replacement,Price / Value,Price is right and it is a good stock replacement,Positive,0.9999148705417293
Need to improve quality..,Build Quality,Need to improve quality,Positive,0.6958480514071578
Terrible sound quality,Build Quality,Terrible sound quality,Negative,0.9999999999249491
"Pretty, but not durable",Build Quality,not durable,Negative,0.8964621721689682
NOT WORTH THE 'JAILBAIT',Price / Value,NOT WORTH THE 'JAILBAIT',Negative,0.8480044419365136
A Box Within a Box,Delivery / Packaging,A Box Within a Box,Negative,0.9999997554298253
Very poor packaging and documentation,Delivery / Packaging,Very poor packaging and documentation,Negative,0.9999999975293903
"Cheap rubber with smeared paint, scuff marks...Not even remotely a ""collector's"" piece.",Price / Value,"Cheap rubber with smeared paint, scuff marks",Negative,1.0
plantronics Bluetooth 665 charger,Battery,plantronics Bluetooth 665 charger,Positive,1.0
Unhappy about missing battery,Battery,Unhappy about missing battery,Negative,0.9999999999999225
Not worth the paper it's written on....highly disappointing.,Price / Value,Not worth the paper it's written on,Negative,0.999998804649209
A suprisingly Good Value,Price / Value,A suprisingly Good Value,Positive,0.9999998590808042
Nice carseat for the price,Price / Value,Nice carseat for the price,Positive,1.0
value,Price / Value,value,Positive,0.9943890356709593
a waste of huge money,Price / Value,a waste of huge money,Negative,1.0
Great gore metal!!!,Build Quality,Great gore metal,Positive,0.9999915532494762
Great price,Price / Value,Great price,Positive,0.9997974834104703
Great dis-service in me ordering this item,Customer Support,Great dis-service in me ordering this item,Negative,0.9999999999996019
Great Value in a small package.,Price / Value,Great Value in a small package,Positive,0.9920431545037713
Great Value in a small package.,Delivery / Packaging,Great Value in a small package,Positive,0.9920431545037713
Shoddy Quality,Build Quality,Shoddy Quality,Negative,0.9999999999849993
Help for the Hopeless,Customer Support,Help for the Hopeless,Negative,1.0
Not worth the money.,Price / Value,Not worth the money,Negative,0.9997865235122964
Inexcusably bad quality control,Build Quality,Inexcusably bad quality control,Negative,0.9999999757942489
Poor Quality DVD,Build Quality,Poor Quality DVD,Negative,0.9999999966766111
i can't help but smile when i listen to this cd !,Customer Support,i can't help,Negative,0.8079871621346206
Print out the Administration help file instead of buying,Customer Support,Print out the Administration help file instead of buying,Negative,1.0
Not worth it.,Price / Value,Not worth it,Negative,0.721810111928068
wasted money,Price / Value,wasted money,Negative,0.9999999999999989
SAP online help with a glossy cover,Customer Support,SAP online help with a glossy cover,Negative,1.0
"Not worth the price, both of mine are defective",Price / Value,"Not worth the price, both of mine are defective",Negative,0.9999999998960536
Great quality!,Build Quality,Great quality,Positive,0.6043497713641087
Rating is for rip off price,Price / Value,Rating is for rip off price,Negative,0.9999999999656826
A B VGA Switch box,Delivery / Packaging,A B VGA Switch box,Negative,0.9999994648843898
Airsplat = Dismal Service,Customer Support,Airsplat = Dismal Service,Negative,1.0
D-link is garbage wrt quality,Build Quality,D-link is garbage wrt quality,Negative,0.9999999994985138
Help me solve a mystery,Customer Support,Help me solve a mystery,Negative,0.9904211858934401
No help to me as a beginner,Customer Support,No help to me as a beginner,Positive,0.9740503248866702
A waste of money...,Price / Value,A waste of money,Negative,0.9999999999999314
Bad customer service,Customer Support,Bad customer service,Negative,0.999999953519919
Not very durable.,Build Quality,Not very durable,Negative,0.8964621721689682
"Classic Movie, Great Quality",Build Quality,"Classic Movie, Great Quality",Positive,0.999779733362456
"installation nightmare, cheap models work better",Price / Value,"installation nightmare, cheap models work better",Negative,0.999999999999996
Ha..terrible...what a joke and waste of money!!!,Price / Value,what a joke and waste of money,Negative,1.0
shipping time is somewhat long,Delivery / Packaging,shipping time is somewhat long,Negative,0.9999944947177487
Best interface design book I have ever read,Build Quality,Best interface design book I have ever read,Positive,0.6799018672874514
A Steady Decline in Quality,Build Quality,A Steady Decline in Quality,Negative,1.0
PLEASE DO NOT WASTE YOUR MONEY!!!!!!!,Price / Value,PLEASE DO NOT WASTE YOUR MONEY,Negative,1.0
"small head, off balance design - not worth the price",Build Quality,"small head, off balance design - not worth the price",Negative,0.9545928425295745
"small head, off balance design - not worth the price",Price / Value,"small head, off balance design - not worth the price",Negative,0.9545928425295745
Very bad quality,Build Quality,Very bad quality,Negative,0.9999890314837009
"Great Design, Not Sturdy Enough",Build Quality,"Great Design, Not Sturdy Enough",Positive,0.5061578038070228
Efficient at shipping & product in excellent condition,Delivery / Packaging,Efficient at shipping & product in excellent condition,Positive,0.9999996544766
"Great Design, Extremely Poor Quality",Build Quality,"Great Design, Extremely Poor Quality",Negative,0.9999999999853877
Metal Masters,Build Quality,Metal Masters,Positive,0.9999999899726054
worst quality DVD I've ever seen,Build Quality,worst quality DVD I've ever seen,Negative,0.9999999999990097
Quality Innovative Product,Build Quality,Quality Innovative Product,Positive,0.9999975738656741
Save your money!!,Price / Value,Save your money,Negative,0.9999999945195628
Promising product marred by poor support,Customer Support,Promising product marred by poor support,Negative,1.0
Plastic Junk,Build Quality,Plastic Junk,Negative,0.9999999999999998
Pic quality bad-do you want Zoom really?,Build Quality,Pic quality bad-do you want Zoom really,Negative,0.9999775305358374
Another hype not worth the time,Price / Value,Another hype not worth the time,Negative,0.9999999833979296
"not hall of fame music, but definetly worth listening to!",Price / Value,definetly worth listening to,Positive,0.9999998578925253
"Reasonable price, helpful, succinct",Price / Value,"Reasonable price, helpful, succinct",Positive,1.0
Very good price and quality.,Build Quality,Very good price and quality,Positive,0.94231853053374
Very good price and quality.,Price / Value,Very good price and quality,Positive,0.94231853053374
Check your package!,Delivery / Packaging,Check your package,Negative,0.9991186370280914
Good for its value,Price / Value,Good for its value,Positive,0.9990379147910836
This book can help you make money!,Price / Value,This book can help you make money,Negative,0.9999738173917969
This book can help you make money!,Customer Support,This book can help you make money,Negative,0.9999738173917969
A simple tool - but a real help!,Customer Support,a real help,Positive,0.7607664491194646
Outstanding boot at a great price,Price / Value,Outstanding boot at a great price,Positive,1.0
spend the additional money and get an MK,Price / Value,spend the additional money and get an MK,Positive,0.9977487281385978
Bad return service,Customer Support,Bad return service,Negative,0.9999999046308412
Waste oF $MONEY$,Price / Value,Waste oF $MONEY$,Negative,0.9999999999999314
The Shipping News,Delivery / Packaging,The Shipping News,Negative,0.9999858208566967
Canon NB-5L Battery Pack,Battery,Canon NB-5L Battery Pack,Negative,0.9999726241211545
Used to be our favorite until recently when the quality dropped.,Build Quality,Used to be our favorite until recently when the quality dropped,Negative,0.7091937252265798
i got my moneys worth.,Price / Value,i got my moneys worth,Negative,0.9581464982791117
Worth every penny,Price / Value,Worth every penny,Positive,0.9999973786901203
pleased with the quality and service,Build Quality,pleased with the quality and service,Positive,0.9920276934260372
pleased with the quality and service,Customer Support,pleased with the quality and service,Positive,0.9920276934260372
STAYING POWER,Battery,STAYING POWER,Positive,0.9990195673155637
Looks good but material tears easily,Build Quality,material tears easily,Negative,0.9999907776868456
Well worth $1,Price / Value,Well worth $1,Negative,0.6893206665209358
Quality issue,Build Quality,Quality issue,Negative,0.9999538739537746
Great collection - horrible quality,Build Quality,Great collection - horrible quality,Negative,0.9999993953615632
"no highs, no lows, must be bose ... but worse, no quality",Build Quality,"worse, no quality",Negative,0.9999999999997848
great help!!!!!!!!!!,Customer Support,great help,Positive,0.9233142536197544
I want my money back.,Price / Value,I want my money back,Negative,0.9996286644874032
good price,Price / Value,good price,Positive,0.9982515708444051
Poor quality without supporting service,Build Quality,Poor quality without supporting service,Negative,0.9999960491967735
Poor quality without supporting service,Customer Support,Poor quality without supporting service,Negative,0.9999960491967735
poor quality set,Build Quality,poor quality set,Negative,0.9999995935509183
Very short life ... don't waste your money,Price / Value,don't waste your money,Negative,0.9999999999999314
bulky and twice the cost of displaydoc system,Price / Value,bulky and twice the cost of displaydoc system,Negative,0.9999999992963544
"Your notice says the dvd was bought & paid for, but it NEVER ARRIVED!",Delivery / Packaging,it NEVER ARRIVED,Negative,0.9992951719366393
How....what...where did quality control in Fantasy Lit. go?,Build Quality,where did quality control in Fantasy Lit,Positive,0.9999610618594699
POOR QUALITY!,Build Quality,POOR QUALITY,Negative,0.9999999899169606
Waste of money unless you need the maps.,Price / Value,Waste of money unless you need the maps,Negative,0.9999937203620785
Black and Decker battery charger,Battery,Black and Decker battery charger,Negative,0.9993952442295021
declined in quality,Build Quality,declined in quality,Negative,0.9707336906682964
Cheap and small - you get what you pay for,Price / Value,Cheap and small - you get what you pay for,Negative,0.9999999998723206
Saves it's cost pronto,Price / Value,Saves it's cost pronto,Positive,0.9999999761828205
Less expensive elsewhere,Price / Value,Less expensive elsewhere,Negative,0.9999999998352451
ABSOLUTELY HORRIBLE PICTURE QUALITY!!,Build Quality,ABSOLUTELY HORRIBLE PICTURE QUALITY,Negative,0.9999999999995657
Save your money and boost your number,Price / Value,Save your money and boost your number,Negative,0.9999999999999807
Price to quality ratio -> infinity,Build Quality,Price to quality ratio -> infinity,Negative,0.9999999845139202
Price to quality ratio -> infinity,Price / Value,Price to quality ratio -> infinity,Negative,0.9999999845139202
arrived very fast. book in excellent condition,Delivery / Packaging,arrived very fast,Positive,0.7964407534896291
Suprised by the high quality.,Build Quality,Suprised by the high quality,Positive,0.9999999999999778
Great Customer Service,Customer Support,Great Customer Service,Negative,0.9935688424018965
Worth reading,Price / Value,Worth reading,Positive,0.9354958860389128
cheap and terrific,Price / Value,cheap and terrific,Positive,0.9984371420813724
Value-wise,Price / Value,Value-wise,Positive,0.9512329662021562
kindle book more expensive than hard cover,Price / Value,kindle book more expensive than hard cover,Negative,0.9999999937785109
very poor packaging...,Delivery / Packaging,very poor packaging,Negative,0.9999999951141483
Battery Cap Problem,Battery,Battery Cap Problem,Negative,0.9999997253607019
Good Product -- Good Value,Price / Value,Good Product -- Good Value,Positive,0.9994026730337127
Unresponsive Warranty Service,Customer Support,Unresponsive Warranty Service,Negative,1.0
Superficial book. Don't waste your money and time.,Price / Value,Don't waste your money and time,Negative,0.9999999999999691
(...) Dont waste your Money,Price / Value,) Dont waste your Money,Negative,1.0
DO NOT WASTE YOUR MONEY!!!!!,Price / Value,DO NOT WASTE YOUR MONEY,Negative,0.9999999999999314
Excellent and cheap,Price / Value,Excellent and cheap,Positive,0.9840433194751542
Great functionality for the money,Price / Value,Great functionality for the money,Negative,0.8433902679451345
cheap and designed horribly.,Price / Value,cheap and designed horribly,Negative,1.0
Can't beat it for the money!,Price / Value,Can't beat it for the money,Positive,0.992129458474899
terrible design,Build Quality,terrible design,Negative,0.9999999999911648
Great Quality,Build Quality,Great Quality,Positive,0.6043497713641087
Piece of crap design,Build Quality,Piece of crap design,Negative,1.0
Don't waste your time or money on this one,Price / Value,Don't waste your time or money on this one,Negative,0.9999999999999396
Horrible quality,Build Quality,Horrible quality,Negative,0.999999999999033
"not Graves' best, but still worth a read",Price / Value,still worth a read,Positive,0.995206431292045
"Short battery life, will not fire",Battery,"Short battery life, will not fire",Negative,0.7466947972989374
out of date. Don't waste your money.,Price / Value,Don't waste your money,Negative,0.9999999999999314
cheap and didn't fit,Price / Value,cheap and didn't fit,Negative,0.999999999962357
CHEAP DOES NOT EQUATE WITH QUALITY,Build Quality,CHEAP DOES NOT EQUATE WITH QUALITY,Negative,0.9999951441310484
CHEAP DOES NOT EQUATE WITH QUALITY,Price / Value,CHEAP DOES NOT EQUATE WITH QUALITY,Negative,0.9999951441310484
The Perfect Pill Box?,Delivery / Packaging,The Perfect Pill Box,Positive,0.9999999721801648
The Mess Is Not Worth It,Price / Value,The Mess Is Not Worth It,Negative,1.0
Spend the money on a mani/pedi,Price / Value,Spend the money on a mani/pedi,Negative,0.9999999999572147
Cheap but loud,Price / Value,Cheap,Negative,0.9998303218514967
Nice large size and good quality construction,Build Quality,Nice large size and good quality construction,Negative,0.9999997957888092
Terrible Customer Service - Do not buy this item,Customer Support,Terrible Customer Service - Do not buy this item,Negative,1.0
A bit expensive but worth it.,Price / Value,A bit expensive ... worth it,Negative,0.998169296460016
AWESOME CD!!! WORTH THE WAIT!,Price / Value,WORTH THE WAIT,Negative,0.8302765734156363
great price.,Price / Value,great price,Positive,0.9997974834104703
Bad design,Build Quality,Bad design,Negative,0.9999999368142538
Major RIP-OFF Smaller cans/less product/$$Price,Price / Value,Major RIP-OFF Smaller cans/less product/$$Price,Negative,1.0
repairs cost $50,Price / Value,repairs cost $50,Negative,0.7584653883821353
Good buy for the price,Price / Value,Good buy for the price,Positive,0.7437599594811201
Be wary of this charger,Battery,Be wary of this charger,Negative,0.9999999999999825
WASTE OF MONEY!!!!!,Price / Value,WASTE OF MONEY,Negative,0.9999999999999314
Not sure about veracity of the material,Build Quality,Not sure about veracity of the material,Negative,0.9999571905793846
WASTE OF TIME AND MONEY,Price / Value,WASTE OF TIME AND MONEY,Negative,0.9999999999999691
Not professional quality,Build Quality,Not professional quality,Negative,0.998188785904944
Not pleased with Express delivery!,Delivery / Packaging,Not pleased with Express delivery,Positive,0.999996320834537
No Vista support!,Customer Support,No Vista support,Negative,0.9999994409312026
Not worth 1 cent,Price / Value,Not worth 1 cent,Positive,0.7507737298067038
"Worth it on amazon - Happy and Dry, Never had an issue",Price / Value,"Worth it on amazon - Happy and Dry, Never had an issue",Negative,0.9999997794208639
Good Fan at Great Price,Price / Value,Good Fan at Great Price,Positive,0.9999902963622883
metal at its best,Build Quality,metal at its best,Positive,0.9999903887443077
"Excellent plastic, very convenient size",Build Quality,"Excellent plastic, very convenient size",Positive,0.999997441247775
Diapers arrived pre-used,Delivery / Packaging,Diapers arrived pre-used,Negative,0.9997706800670733
Bad package,Delivery / Packaging,Bad package,Negative,0.9997067306844272
Good quality fitness ball - great addition to my normal workout.,Build Quality,Good quality fitness ball - great addition to my normal workout,Positive,1.0
Quality Bose product,Build Quality,Quality Bose product,Negative,0.9999999808679644
Not a good value for the price,Price / Value,Not a good value for the price,Positive,0.999989586826646
"Can't vouch for content, but packaging is really nice",Delivery / Packaging,packaging is really nice,Negative,0.8464281377169661
WASTE OF MONEY,Price / Value,WASTE OF MONEY,Negative,0.9999999999999314
"Ok, but not worth the price",Price / Value,not worth the price,Positive,0.9727089290713898
low quality publication - Harper One,Build Quality,low quality publication - Harper One,Negative,1.0
poor construction,Build Quality,poor construction,Negative,0.9999999999976439
well worth the price,Price / Value,well worth the price,Positive,0.9991843118335116
Decent product for the price,Price / Value,Decent product for the price,Positive,0.9832627365981208
Sheer Stupidity in putting this package together.,Delivery / Packaging,Sheer Stupidity in putting this package together,Negative,0.9999999999999998
"Great condition, good service",Customer Support,"Great condition, good service",Positive,0.9430031599186954
Other Peoples Money,Price / Value,Other Peoples Money,Positive,0.8432511031168131
B&D 12 volt battery charger,Battery,B&D 12 volt battery charger,Negative,1.0
Eh...Good for the price,Price / Value,Good for the price,Positive,0.9982515708444051
glad I didn't waste my money....,Price / Value,glad I didn't waste my money,Negative,0.9999999999999989
Worst quality DVD,Build Quality,Worst quality DVD,Negative,0.9999999999901465
Ordered one thing and got another of less value/,Price / Value,Ordered one thing and got another of less value/,Negative,0.9999425536355616
Big Box of Happiness,Delivery / Packaging,Big Box of Happiness,Positive,0.9999999999999838
"Best Sound Quality I've Ever Heard, Terrible Design",Build Quality,"Best Sound Quality I've Ever Heard, Terrible Design",Negative,0.9999999999859817
Low price and good enough,Price / Value,Low price and good enough,Negative,0.9979786329335775
battery charger,Battery,battery charger,Negative,0.7029717167837104
Don't Bother Spending Your Money,Price / Value,Don't Bother Spending Your Money,Negative,0.9999999999999558
A Complete Waste of Money,Price / Value,A Complete Waste of Money,Negative,0.9999999999999993
Customer Service Bible,Customer Support,Customer Service Bible,Negative,0.847046747317997
thin soles but nice price,Price / Value,nice price,Positive,0.9998362022218857
Not bad for the price,Price / Value,Not bad for the price,Negative,0.9657628476080925
Wasted My Money,Price / Value,Wasted My Money,Negative,0.9999999999999989
Not Athletica - decent quality,Build Quality,Not Athletica - decent quality,Negative,0.9701760449675232
EXCELLENT Quality - GREAT Price - HARD 2 FIND!!!,Build Quality,EXCELLENT Quality - GREAT Price - HARD 2 FIND,Positive,0.9999999935087545
EXCELLENT Quality - GREAT Price - HARD 2 FIND!!!,Price / Value,EXCELLENT Quality - GREAT Price - HARD 2 FIND,Positive,0.9999999935087545
Poor construction & minimal content,Build Quality,Poor construction & minimal content,Negative,1.0
excellent transfer at budget price,Price / Value,excellent transfer at budget price,Positive,0.9855386136003048
really nice quality,Build Quality,really nice quality,Negative,0.7275733806020709
"Great price, great wrench!",Price / Value,"Great price, great wrench",Positive,0.9999960020464471
Contents Secured But Trunk Is Too Expensive,Price / Value,Trunk Is Too Expensive,Positive,0.655592834480631
"Great For Runs, but the Battery Sucks!",Battery,the Battery Sucks,Negative,0.9999999999840594
"compact, convenient, and great quality",Build Quality,"compact, convenient, and great quality",Positive,0.9999999999999438
I Expected More For the Price,Price / Value,I Expected More For the Price,Positive,0.7778185578331276
very cheap design,Build Quality,very cheap design,Negative,0.9999999720272249
very cheap design,Price / Value,very cheap design,Negative,0.9999999720272249
"Small size, very good quality",Build Quality,"Small size, very good quality",Negative,0.9995426701462579
Amazing Value,Price / Value,Amazing Value,Positive,0.9999999919043207
Non-Battery BAckup Version,Battery,Non-Battery BAckup Version,Negative,0.9999966828974645
Durable,Build Quality,Durable,Negative,0.8964621721689682
A great party record at a great price,Price / Value,A great party record at a great price,Positive,0.9999999999309175
"Very high quality playmat, baby friendly",Build Quality,"Very high quality playmat, baby friendly",Negative,0.9816588289790494
cheap and cheezy,Price / Value,cheap and cheezy,Negative,0.9999998520891774
Low quality product.,Build Quality,Low quality product,Negative,0.9999978909611723
Very smooth and nice but not worth the price tag,Price / Value,not worth the price tag,Negative,0.9999177549825072
Beautiful design...absolutely functional.,Build Quality,Beautiful design,Positive,0.9500378659166218
Don't Waste your Money,Price / Value,Don't Waste your Money,Negative,0.9999999999999314
Did not help me!,Customer Support,Did not help me,Negative,0.8079871621346206
Save Your Money and Time,Price / Value,Save Your Money and Time,Negative,0.9999999975435254
Well worth the wait!,Price / Value,Well worth the wait,Positive,0.875397394831917
disappointed in quality,Build Quality,disappointed in quality,Negative,0.9999999963732189
Movie's great- roku delivery faltered in the middle for no reason,Delivery / Packaging,Movie's great- roku delivery faltered in the middle for no reason,Negative,0.9999999999999512
".A handy, high quality product/",Build Quality,"A handy, high quality product/",Positive,0.9999997971273918
"Sound of Money--UK Version, but better",Price / Value,Sound of Money--UK Version,Negative,0.9999958941499751
JUNK - don't waste your money or time!,Price / Value,JUNK - don't waste your money or time,Negative,1.0
poor service from amazon,Customer Support,poor service from amazon,Negative,0.9999999996521618
Worth the Indulgence,Price / Value,Worth the Indulgence,Negative,0.8480044419365136
COMPLETE WASTE OF MONEY!!!,Price / Value,COMPLETE WASTE OF MONEY,Negative,0.9999999999999993
If you value your time and money then I'd something else...,Price / Value,If you value your time and money then I'd something else,Negative,0.9999998721625728
Excellent bed and for the price. Sets up quickly.,Price / Value,Excellent bed and for the price,Positive,0.9999999998718803
Horrible Quality,Build Quality,Horrible Quality,Negative,0.999999999999033
Hope this book is not representative of GARP's credibility,Customer Support,Hope this book is not representative of GARP's credibility,Negative,1.0
Ordered wrong Canon battery,Battery,Ordered wrong Canon battery,Negative,0.9999997662171718
Well worth the price!,Price / Value,Well worth the price,Positive,0.9991843118335116
Not good quality,Build Quality,Not good quality,Negative,0.8498692702723925
Poor support,Customer Support,Poor support,Negative,0.999999999970256
Cost Too Much!!!!,Price / Value,Cost Too Much,Negative,0.9909911610889867
Give in to the power of J,Battery,Give in to the power of J,Positive,0.9695143016110614
Toxicity- Intelligent Punk Metal,Build Quality,Toxicity- Intelligent Punk Metal,Positive,0.9999999999999876
LONG DELIVERY TIME,Delivery / Packaging,LONG DELIVERY TIME,Negative,0.9485168308852099
"Good quality, minor flaws",Build Quality,"Good quality, minor flaws",Positive,0.9982131203929441
Not worth your Time,Price / Value,Not worth your Time,Negative,0.8526974073840152
Stupidiest agent movie ever made,Customer Support,Stupidiest agent movie ever made,Negative,0.9998922754726498
Kindle eBook more expensive than print copy,Price / Value,Kindle eBook more expensive than print copy,Negative,0.9999999999999993
"About as fun as playing the play money tables online, which begs the question...",Price / Value,"About as fun as playing the play money tables online, which begs the question",Negative,0.9999984599451076
Garmin power cord,Battery,Garmin power cord,Negative,0.979526829180954
bookworm service sucks,Customer Support,bookworm service sucks,Negative,0.9999999997445064
No quality,Build Quality,No quality,Negative,0.9707336906682964
Money thrown away,Price / Value,Money thrown away,Negative,1.0
Plastic sounds like plastic,Build Quality,Plastic sounds like plastic,Negative,0.9999999945406113
Poor Service and Follow Through,Customer Support,Poor Service and Follow Through,Negative,0.9999999645061152
Two bands for the price of one!,Price / Value,Two bands for the price of one,Positive,0.9979432579214248
great value kids love it,Price / Value,great value kids love it,Positive,0.9999999971715754
Very Disappointed in Product Quality,Build Quality,Very Disappointed in Product Quality,Negative,0.9999999990026867
bad design for a spoon,Build Quality,bad design for a spoon,Negative,0.9898852598593734
Great documentary about the super power trio,Battery,Great documentary about the super power trio,Positive,1.0
Serious Quality Problems... On Our 3rd One!!!,Build Quality,Serious Quality Problems,Negative,0.9999994179959973
True international charger,Battery,True international charger,Positive,0.9999983098005314
very poor quality,Build Quality,very poor quality,Negative,0.9999999899169606
Great book: some improvements would help,Customer Support,Great book: some improvements would help,Positive,1.0
Xantrex has seriously bad quality control!,Build Quality,Xantrex has seriously bad quality control,Negative,0.9999999999999958
Fun in a small package!,Delivery / Packaging,Fun in a small package,Positive,0.9844450259528477
"Better Picture Quality than the DVD Version, for Sure!",Build Quality,"Better Picture Quality than the DVD Version, for Sure",Negative,0.9999999820929711
my review is just for the bluray video quality...,Build Quality,my review is just for the bluray video quality,Negative,0.710677883973904
Psychiatrist overstepped; did it help?,Customer Support,did it help,Negative,0.8079871621346206
not a big fan of pearl jams new material,Build Quality,not a big fan of pearl jams new material,Negative,0.9999999999977258
Good Quality for the Price,Build Quality,Good Quality for the Price,Positive,0.94231853053374
Good Quality for the Price,Price / Value,Good Quality for the Price,Positive,0.94231853053374
A TOTAL WASTE OF MONEY!,Price / Value,A TOTAL WASTE OF MONEY,Negative,1.0
Cheap and a Waste of Money,Price / Value,Cheap and a Waste of Money,Negative,1.0
Disappointment! Pugster- Unacceptable Customer Service!,Customer Support,Pugster- Unacceptable Customer Service,Negative,1.0
A great deal in a small package!,Delivery / Packaging,A great deal in a small package,Positive,0.9959854379494506
Great Item for the price!,Price / Value,Great Item for the price,Positive,0.914837678110217
Not KitchenAid quality,Build Quality,Not KitchenAid quality,Positive,0.8865811250557148
Disappointing Quality Disappointingly Reproduced,Build Quality,Disappointing Quality Disappointingly Reproduced,Negative,1.0
Very cheap knockoffs sent in place,Price / Value,Very cheap knockoffs sent in place,Negative,0.9999999827497593
"No, No, Not worth it!",Price / Value,"No, No, Not worth it",Negative,0.721810111928068
"Long on promise, non-existent on delivery",Delivery / Packaging,"Long on promise, non-existent on delivery",Negative,1.0
No response from seller.,Customer Support,No response from seller,Negative,0.9997407920396049
CHEAP CHEAP CHEAP,Price / Value,CHEAP CHEAP CHEAP,Negative,0.9999999999955975
BIND QUALITY IS POOR.,Build Quality,BIND QUALITY IS POOR,Positive,0.9999998681360694
"Cheap Quality CD, purchased from Amazon",Build Quality,"Cheap Quality CD, purchased from Amazon",Negative,0.9999878212481685
"Cheap Quality CD, purchased from Amazon",Price / Value,"Cheap Quality CD, purchased from Amazon",Negative,0.9999878212481685
Spent my money,Price / Value,Spent my money,Negative,0.9991888602621175
"super saving shipping not honored, could not cancel within minutes",Delivery / Packaging,"super saving shipping not honored, could not cancel within minutes",Negative,1.0
LOW ON QUALITY,Build Quality,LOW ON QUALITY,Negative,0.9999923304157741
Cheap fix!,Price / Value,Cheap fix,Negative,0.9876313687201494
Not bad. I feel I got my money's worth!,Price / Value,I feel I got my money's worth,Negative,0.9915660585990301
"Great show, TERRIBLE disc quality",Build Quality,"Great show, TERRIBLE disc quality",Negative,0.99999988371938
Oxo Can Opener Is Not Durable,Build Quality,Oxo Can Opener Is Not Durable,Negative,0.8956556238275318
life support,Customer Support,life support,Negative,0.9855135052485453
Reduces swelling from delivery,Delivery / Packaging,Reduces swelling from delivery,Positive,0.5560006131879451
Shoddy plastic falling apart in my hands,Build Quality,Shoddy plastic falling apart in my hands,Negative,1.0
Cheap plastic container,Build Quality,Cheap plastic container,Negative,1.0
Cheap plastic container,Price / Value,Cheap plastic container,Negative,1.0
classic FL Death Metal...,Build Quality,classic FL Death Metal,Positive,0.9999997668805624
Great Rap Metal band!,Build Quality,Great Rap Metal band,Positive,0.999995738220909
Good Ram at a Great Price,Price / Value,Good Ram at a Great Price,Positive,0.9687397823304003
Outstanding tuning and audio quality,Build Quality,Outstanding tuning and audio quality,Positive,1.0
cheap product,Price / Value,cheap product,Negative,0.9999533351702675
Very Disappointing-- Waste of Money,Price / Value,Very Disappointing-- Waste of Money,Negative,1.0
Postal service conspiracy!,Customer Support,Postal service conspiracy,Positive,0.9999999999928222
"product good, shipping delayed",Delivery / Packaging,"product good, shipping delayed",Negative,0.6856130575079564
There's a Reason 4 the Sky-High Price...,Price / Value,There's a Reason 4 the Sky-High Price,Positive,1.0
not worth finishing,Price / Value,not worth finishing,Negative,0.9999902227578455
Pretty low quality.,Build Quality,Pretty low quality,Negative,0.9999385942983464
No battery power,Battery,No battery power,Negative,0.9715581562464283
Beware of packaging,Delivery / Packaging,Beware of packaging,Negative,0.9999999846282086
Not the best of her books but still high quality...,Build Quality,still high quality,Positive,0.7543563260831238
"BAD PRODUCT, WORSE CUSTOMER SERVICE. DO NOT BUY FROM MACALLY!",Customer Support,"BAD PRODUCT, WORSE CUSTOMER SERVICE",Negative,1.0
An affordable collection,Price / Value,An affordable collection,Positive,1.0
Only Windows XP and earlier Support,Customer Support,Only Windows XP and earlier Support,Negative,0.9999999999999944
This book is not worth your money. Don't Buy.,Price / Value,This book is not worth your money,Negative,0.9995746919321009
a monumental waste of money,Price / Value,a monumental waste of money,Positive,0.9036986195317813
Quality product,Build Quality,Quality product,Negative,0.9917777147284127
Cheap material,Build Quality,Cheap material,Negative,0.9999987968062074
Cheap material,Price / Value,Cheap material,Negative,0.9999987968062074
I loved the price,Price / Value,I loved the price,Positive,0.9999987664219014
"Great diapers, great value",Price / Value,"Great diapers, great value",Positive,0.9999991973196217
"At last, a construction safety text that addresses hazards",Build Quality,"At last, a construction safety text that addresses hazards",Negative,0.9999999969187499
So this is the new doom metal?,Build Quality,So this is the new doom metal,Positive,0.9970883828308388
A great idea gone terribly wrong...don't waste your money!,Price / Value,don't waste your money,Negative,0.9999999999999314
Good but litle expensive,Price / Value,litle expensive,Negative,0.9927118061348587
Definitely NOT worth the money!!!!!,Price / Value,Definitely NOT worth the money,Negative,0.9985221109085158
"Terrible customer service, mediocre dress, incorrect sizing",Customer Support,"Terrible customer service, mediocre dress, incorrect sizing",Negative,1.0
DOWNSIZED PRODUCT! you get 2oz for the price of 4oz,Price / Value,you get 2oz for the price of 4oz,Negative,0.9999999999998412
You can skip this one. Not worth the time,Price / Value,Not worth the time,Negative,0.8526974073840152
"Fine Story, Low Quality eBook",Build Quality,"Fine Story, Low Quality eBook",Negative,0.9999927656470123
Bad Design-,Build Quality,Bad Design-,Negative,0.9999999368142538
Not of good quality,Build Quality,Not of good quality,Negative,0.8498692702723925
Mickey Dolenz Plastic Symphony,Build Quality,Mickey Dolenz Plastic Symphony,Positive,0.999999999915907
"Superb performance, poor picture quality",Build Quality,"Superb performance, poor picture quality",Negative,0.6285119901547488
Waste of Money - Even for a Beginner,Price / Value,Waste of Money - Even for a Beginner,Negative,0.9999999999999181
great for the money,Price / Value,great for the money,Negative,0.9712740971812602
Top Notch Features for the Price,Price / Value,Top Notch Features for the Price,Positive,1.0
Glad I didn't pay money to watch this film,Price / Value,Glad I didn't pay money to watch this film,Negative,0.9999999987281447
Not really worth your time,Price / Value,Not really worth your time,Negative,0.9668855976722358
What a waste of Money!,Price / Value,What a waste of Money,Negative,0.9999999999999314
CHEAP KNOCK OFFS THEY HURT,Price / Value,CHEAP KNOCK OFFS THEY HURT,Negative,1.0
"Good fit, good price, comfortable",Price / Value,"Good fit, good price, comfortable",Positive,0.9999814911269685
You Can't Help But Laugh,Customer Support,You Can't Help,Negative,0.8079871621346206
great phone for a great price,Price / Value,great phone for a great price,Positive,0.8413401858341656
Cheap but have bought better for the same price,Price / Value,Cheap ... have bought better for the same price,Negative,0.9971346121277264
IT'S CHEAP,Price / Value,IT'S CHEAP,Negative,0.9998303218514967
Cheap and Dissapointing,Price / Value,Cheap and Dissapointing,Negative,1.0
Crosley songwriter lacks quality control,Build Quality,Crosley songwriter lacks quality control,Negative,0.9999998642209007
No Croslely customer service - product does not work,Customer Support,No Croslely customer service - product does not work,Negative,0.99999958157378
They provide NO help,Customer Support,They provide NO help,Negative,0.8969368083233858
Can I get my money back?,Price / Value,Can I get my money back,Negative,0.9999207789668516
Very poor battery life,Battery,Very poor battery life,Negative,0.9999995661437587
"Excellent DVD, well worth the cost.",Price / Value,"Excellent DVD, well worth the cost",Positive,0.9999992135790986
Poor after sales service!!!,Customer Support,Poor after sales service,Negative,0.9999999999984257
A Total Waste of Money,Price / Value,A Total Waste of Money,Negative,1.0
Carson Optical Lumiloupe 10X Power Maagnifier,Battery,Carson Optical Lumiloupe 10X Power Maagnifier,Positive,1.0
Save Your Money .. it's merely buying on Break-out,Price / Value,Save Your Money,Negative,0.9999999945195628
Very poor quality product and almost non existing support,Build Quality,Very poor quality product and almost non existing support,Negative,0.9999999999999982
Very poor quality product and almost non existing support,Customer Support,Very poor quality product and almost non existing support,Negative,0.9999999999999982
"If you are a newbie, this book will help you!",Customer Support,"If you are a newbie, this book will help you",Negative,0.6786304385950916
Not the Same Quality,Build Quality,Not the Same Quality,Negative,0.9707336906682964
very nice multi-function corded telephone. great price.,Price / Value,great price,Positive,0.9997974834104703
"Great product, TERRIBLE PACKAGING",Delivery / Packaging,"Great product, TERRIBLE PACKAGING",Negative,0.9999999896456874
Don't Waste Your Money . . .,Price / Value,Don't Waste Your Money,Negative,0.9999999999999314
Not for Sleeping - Maybe Only a Power Nap,Battery,Not for Sleeping - Maybe Only a Power Nap,Negative,1.0
I Need More Power,Battery,I Need More Power,Positive,0.9477559411930548
Quiet but plastic,Build Quality,plastic,Negative,0.9999320914403319
Pretty darned good for the money,Price / Value,Pretty darned good for the money,Negative,0.9874237665386169
"Save your money, check out the book from your library.",Price / Value,"Save your money, check out the book from your library",Negative,0.9999999852196675
"All the Help, All the Answers",Customer Support,"All the Help, All the Answers",Negative,0.9795225389698923
"Beth Hart Is Worth ""My Supper""",Price / Value,"Beth Hart Is Worth ""My Supper""",Positive,1.0
NOW WORTH THE PRICE,Price / Value,NOW WORTH THE PRICE,Positive,0.9727089290713898
Eureka! Big results - small price,Price / Value,Big results - small price,Negative,0.5131081170036711
Save yourself some money and just get the box set.,Price / Value,Save yourself some money and just get the box set,Negative,0.9999999983420582
Save yourself some money and just get the box set.,Delivery / Packaging,Save yourself some money and just get the box set,Negative,0.9999999983420582
For video quality alone,Build Quality,For video quality alone,Negative,0.5851147592608521
What a disappointment and waste of money,Price / Value,What a disappointment and waste of money,Negative,1.0
"bad quality, or I'd be giving this 4 or 5 stars",Build Quality,"bad quality, or I'd be giving this 4 or 5 stars",Negative,0.9999945925798142
"Good overall design, whistle fails",Build Quality,"Good overall design, whistle fails",Negative,0.999999994676128
Not a good quality shirt returned it / return policy negative,Build Quality,Not a good quality shirt returned it / return policy negative,Negative,1.0
"Absolutely beautiful, a great value",Price / Value,"Absolutely beautiful, a great value",Positive,0.9999999999272877
Sweet product. Sweeter price.,Price / Value,Sweeter price,Positive,0.9898416453054183
Good Item for the Price,Price / Value,Good Item for the Price,Positive,0.5540353710789683
Design Flaw in OXO Knives,Build Quality,Design Flaw in OXO Knives,Negative,0.9999746103582899
Microsoft doesn't support their own products!,Customer Support,Microsoft doesn't support their own products,Negative,0.999999999999929
LEGENDARY TALES IS THE BEST METAL ALBUM EVER MADE!,Build Quality,LEGENDARY TALES IS THE BEST METAL ALBUM EVER MADE,Positive,0.9999999999999984
The book has little value,Price / Value,The book has little value,Positive,0.9994657386855375
It arrived. It charged. Camera works.,Delivery / Packaging,It arrived,Negative,0.9855193168211724
Great for the money,Price / Value,Great for the money,Negative,0.9712740971812602
"Manson Shows True Power Over His ""Family""",Battery,"Manson Shows True Power Over His ""Family""",Positive,0.999999987651146
Bad battery - not replaceable - throw away unit,Battery,Bad battery - not replaceable - throw away unit,Negative,1.0
Nirvana Sliver Best Of The Box,Delivery / Packaging,Nirvana Sliver Best Of The Box,Negative,0.9999999999999758
Flimsy...not worth the effort!,Price / Value,not worth the effort,Negative,0.960349238705477
Cant get narrator off !!!!!!!!! help !!! new dvd,Customer Support,help,Negative,0.8079871621346206
Great little square for the price,Price / Value,Great little square for the price,Positive,0.999989056485404
Much better quality than expected,Build Quality,Much better quality than expected,Negative,0.9999929849763929
"missing pieces, no response from company",Customer Support,"missing pieces, no response from company",Negative,0.9999999999824059
The price was good but it cost more to ship it that the cost of the item.,Price / Value,The price was good ... it cost more to ship it that the cost of the item,Negative,0.9999197692666811
Misleading pics and cheap shirts,Price / Value,Misleading pics and cheap shirts,Negative,1.0
Great power metal!!!,Battery,Great power metal,Positive,0.9999627718101141
Great power metal!!!,Build Quality,Great power metal,Positive,0.9999627718101141
Can't believe I wasted my money,Price / Value,Can't believe I wasted my money,Negative,1.0
Less expensive here than elsewhere,Price / Value,Less expensive here than elsewhere,Negative,0.9999999998352451
Didn't Seem to Help My Dog,Customer Support,Didn't Seem to Help My Dog,Negative,0.9999996405956261
Works but HUGE price jump!,Price / Value,HUGE price jump,Positive,0.7445854788992573
No support for Windows XP,Customer Support,No support for Windows XP,Negative,0.9999999999996991
"Great product, price & delivery",Price / Value,"Great product, price & delivery",Positive,0.9993805950931636
"Great product, price & delivery",Delivery / Packaging,"Great product, price & delivery",Positive,0.9993805950931636
Value for money... Perfect size,Price / Value,Value for money,Negative,0.9105937504868932
Not worth reading as a stand-alone.,Price / Value,Not worth reading as a stand-alone,Positive,0.9994967299399626
"Very pretty, not durable",Build Quality,"Very pretty, not durable",Negative,0.5195462941226925
BAD QUALITY,Build Quality,BAD QUALITY,Negative,0.9999890314837009
Finally a Good Jack-in-the-Box,Delivery / Packaging,Finally a Good Jack-in-the-Box,Positive,0.9999996307857535
great money saver!,Price / Value,great money saver,Positive,0.9999999744711365
No quality control and minimal support!,Build Quality,No quality control and minimal support,Negative,1.0
No quality control and minimal support!,Customer Support,No quality control and minimal support,Negative,1.0
A great Anime that's very much worth getting!,Price / Value,A great Anime that's very much worth getting,Positive,0.999999994123721
NOT WORTH THE MONEY,Price / Value,NOT WORTH THE MONEY,Negative,0.9997865235122964
Red mug with hearts has poor quality glazing cup generates a lot of heat in microwave,Build Quality,Red mug with hearts has poor quality glazing cup generates a lot of heat in microwave,Negative,0.9999999984375512
what the heck on the price,Price / Value,what the heck on the price,Negative,0.9919096600460833
Help! Please help!,Customer Support,Help ... Please help,Negative,0.9999494918021087
Predictable Smith performance like an anchor to movie quality.,Build Quality,Predictable Smith performance like an anchor to movie quality,Negative,0.9999999999999989
"Dim Screen, poor Quality",Build Quality,"Dim Screen, poor Quality",Negative,1.0
Dd Not Waste Your Time or Money!!!!,Price / Value,Dd Not Waste Your Time or Money,Negative,0.9999999999999691
"Managing the Construction Process: Estimating, Scheduling, and Project Control (3rd Edition) (Purchased on 10/12/2006)",Build Quality,"Managing the Construction Process: Estimating, Scheduling, and Project Control (3rd Edition) (Purchased on 10/12/2006)",Positive,0.9999483693806669
I can't believe I spent money on the hardcover version,Price / Value,I can't believe I spent money on the hardcover version,Negative,0.9999999999999984
"Creative idea, but a waste of money",Price / Value,a waste of money,Negative,0.9999999999999314
Good songs but what about the sound quality?,Build Quality,what about the sound quality,Negative,0.9985269074342383
Convenient Packaging for a Good Product,Delivery / Packaging,Convenient Packaging for a Good Product,Positive,0.9996171996485123
boring and not worth the $$,Price / Value,boring and not worth the $$,Negative,0.9999999960384827
"Fast shipping, works great",Delivery / Packaging,"Fast shipping, works great",Positive,0.9999954765551282
"Garmin has HORRIBLE Customer ""Service""",Customer Support,"Garmin has HORRIBLE Customer ""Service""",Negative,0.9999999999999998
Expensive junk,Price / Value,Expensive junk,Negative,0.9999999999999867
"Great shape, great anchors that hold it down, terrible design for the elastic rope that keeps it snug and water out.",Build Quality,"Great shape, great anchors that hold it down, terrible design for the elastic rope that keeps it snug and water out",Negative,1.0
Bad Packaging...old Stock..,Delivery / Packaging,Bad Packaging,Negative,0.9999946850502964
Top Shelf Boob Hound Fan Service,Customer Support,Top Shelf Boob Hound Fan Service,Positive,0.9999999842904459
Does not work with Snow Leopard! And no free phone support!,Customer Support,And no free phone support,Negative,0.9999999998656242
"Good value, acceptable quality",Build Quality,"Good value, acceptable quality",Negative,0.9951282286265151
"Good value, acceptable quality",Price / Value,"Good value, acceptable quality",Negative,0.9951282286265151
Save your money - all info is on the internet!,Price / Value,Save your money - all info is on the internet,Negative,0.999999999998366
Cheap..don't buy,Price / Value,Cheap,Negative,0.9998303218514967
better than plastic ones,Build Quality,better than plastic ones,Negative,0.9945594907080908
Very bad picture quality!,Build Quality,Very bad picture quality,Negative,0.9999996479293425
GREAT PRODUCT GREAT PRICE,Price / Value,GREAT PRODUCT GREAT PRICE,Positive,0.9999854613919872
Do not waste your time and money!,Price / Value,Do not waste your time and money,Negative,0.9999999999999691
You Can Get Better Quality Somewhere elese,Build Quality,You Can Get Better Quality Somewhere elese,Negative,0.9999999999966194
Easy guide for building a quality kayak,Build Quality,Easy guide for building a quality kayak,Positive,0.9999999999339197
At 4 months the battery was not useful anymore,Battery,At 4 months the battery was not useful anymore,Negative,0.9999999999366291
Poor design. Wouldn't recommend.,Build Quality,Poor design,Negative,0.9999999999419158
Small package; BIG photos,Delivery / Packaging,Small package,Negative,0.9855804332965346
It's cheap and tasty & easy to fix.,Price / Value,It's cheap and tasty & easy to fix,Positive,0.9999995644128138
Well worth the viewing time!,Price / Value,Well worth the viewing time,Positive,0.9977227633863047
Good Sound BAD Construction/Design/Material,Build Quality,Good Sound BAD Construction/Design/Material,Negative,0.9999999999999991
"5 Stars for Content, 3 Stars for Recording Quality",Build Quality,"5 Stars for Content, 3 Stars for Recording Quality",Negative,0.9999999913130421
Support a Good Cause,Customer Support,Support a Good Cause,Negative,0.9999976532884328
Worth a second read now that I am older,Price / Value,Worth a second read now that I am older,Positive,0.9999584277714314
Definitely worth reading!,Price / Value,Definitely worth reading,Positive,0.9901506982466255
"lousy grater, better customer service",Customer Support,"lousy grater, better customer service",Negative,1.0
Not the Quality of True Villeroy & Bosh Germany!,Build Quality,Not the Quality of True Villeroy & Bosh Germany,Positive,0.9640115911329018
Fine Value for the Buck,Price / Value,Fine Value for the Buck,Positive,0.99999977587711
waste of valuable money...check out the company website,Price / Value,waste of valuable money,Negative,0.9999999639722303
HUM in power supply,Battery,HUM in power supply,Negative,0.9999999999982134
Price?,Price / Value,Price,Positive,0.9898416453054183
Good Movie - Misleading Packaging from Amazon,Delivery / Packaging,Good Movie - Misleading Packaging from Amazon,Negative,0.999999999999188
A BOOK ABOUT MONEY NOT MOUNTAINEERING,Price / Value,A BOOK ABOUT MONEY NOT MOUNTAINEERING,Negative,0.9988381140502989
Amazing and great customer support from Tweezerman Sharpening,Customer Support,Amazing and great customer support from Tweezerman Sharpening,Negative,0.9603337661278079
This CD is pure fun in a box!,Delivery / Packaging,This CD is pure fun in a box,Positive,0.9999519754031795
Not Worth It!,Price / Value,Not Worth It,Negative,0.721810111928068
Solid product at great price,Price / Value,Solid product at great price,Positive,0.999999999999428
Love the photogenic quality,Build Quality,Love the photogenic quality,Positive,0.961129992668817
Decent Two-Fer at a Good Price!,Price / Value,Decent Two-Fer at a Good Price,Positive,0.9770581342697212
Excellent service but cost was average,Customer Support,Excellent service,Positive,0.9999781251040979
Excellent service but cost was average,Price / Value,cost was average,Negative,0.999833776441616
Pile of Junk - Save your money!,Price / Value,Pile of Junk - Save your money,Negative,1.0
i want my money back,Price / Value,i want my money back,Negative,0.9996286644874032
"Nice briefcase, horrible customer service",Customer Support,"Nice briefcase, horrible customer service",Negative,0.9999999999998805
Cheap metal,Build Quality,Cheap metal,Negative,0.9776189162752942
Cheap metal,Price / Value,Cheap metal,Negative,0.9776189162752942
no more service,Customer Support,no more service,Negative,0.8882591112136236
Fahrenheit 451 - Not worth it,Price / Value,Fahrenheit 451 - Not worth it,Negative,0.9606552337264168
"Should have waited to release, rather than sacrifice quality",Build Quality,"Should have waited to release, rather than sacrifice quality",Negative,0.9999999999998856
Nice for the money,Price / Value,Nice for the money,Negative,0.9647220373058747
Quick Service,Customer Support,Quick Service,Positive,0.9988949733739863
"Does not work properly, COMPANY NO HELP",Customer Support,"Does not work properly, COMPANY NO HELP",Negative,1.0
waste off money,Price / Value,waste off money,Negative,0.9999999999999314
stupid shipping,Delivery / Packaging,stupid shipping,Negative,0.9999999819749584
Cheap!!!!,Price / Value,Cheap,Negative,0.9998303218514967
"Deceptive Packaging, Great Music",Delivery / Packaging,"Deceptive Packaging, Great Music",Negative,0.9999999828878176
Battery-charging problems,Battery,Battery-charging problems,Negative,1.0
Poor Delivery Service!,Customer Support,Poor Delivery Service,Negative,0.9999999499976356
Poor Delivery Service!,Delivery / Packaging,Poor Delivery Service,Negative,0.9999999499976356
Watch out---New Design EXPLODES!,Build Quality,Watch out---New Design EXPLODES,Negative,0.9999397481910746
A waste of money,Price / Value,A waste of money,Negative,0.9999999999999314
Nothing different -- Money down the drain,Price / Value,Nothing different -- Money down the drain,Negative,0.9999999999998708
Power my spaceship this wouldn't!,Battery,Power my spaceship this wouldn't,Negative,0.9999986786399987
Not Worth even Renting,Price / Value,Not Worth even Renting,Negative,0.9986477163999862
DO NOT BUY THIS! IT IS A WASTE OF MONEY!,Price / Value,IT IS A WASTE OF MONEY,Negative,0.9999999999999314
A little-known writer worth reading!,Price / Value,A little-known writer worth reading,Positive,0.9993286810417458
Quality Compact CB For A Small Vehicle,Build Quality,Quality Compact CB For A Small Vehicle,Positive,0.9999999994944473
"Fast delivery, product as discribed",Delivery / Packaging,"Fast delivery, product as discribed",Positive,0.9892118410256594
help protect my hairdo,Customer Support,help protect my hairdo,Negative,0.9999939712756453
worth the money,Price / Value,worth the money,Negative,0.9997865235122964
WORST CUSTOMER SUPPORT EVER!,Customer Support,WORST CUSTOMER SUPPORT EVER,Negative,0.9999999999999998
Why the shortage when the European models are shipping w/ it,Delivery / Packaging,Why the shortage when the European models are shipping w/ it,Negative,0.9965300596824779
"Nice fit, color, quality",Build Quality,"Nice fit, color, quality",Negative,0.999143443509365
questioning quality,Build Quality,questioning quality,Negative,0.9707336906682964
Fusion Power Blades,Battery,Fusion Power Blades,Positive,0.9751163086084961
Great Beatles songs - uneven package,Delivery / Packaging,Great Beatles songs - uneven package,Negative,0.9998785530709975
How public opinion is shaped by movies to support power cla,Battery,How public opinion is shaped by movies to support power cla,Negative,0.8312590428106286
How public opinion is shaped by movies to support power cla,Customer Support,How public opinion is shaped by movies to support power cla,Negative,0.8312590428106286
Great for undergraduates interested in account service!!!,Customer Support,Great for undergraduates interested in account service,Positive,0.9999999343204878
a used one with battery corrosion inside - told it would be a new one.,Battery,a used one with battery corrosion inside - told it would be a new one,Negative,0.9883200582098605
Worth searching for,Price / Value,Worth searching for,Negative,0.9938572629778606
"Hang in there, it's worth it.",Price / Value,"Hang in there, it's worth it",Positive,0.573861099385065
Heavy Duty Mobile Power,Battery,Heavy Duty Mobile Power,Positive,0.7123432263447977
Outrageous price for a book that should be free,Price / Value,Outrageous price for a book that should be free,Positive,0.8749637040361603
Bonus Material is a Real Treat!,Build Quality,Bonus Material is a Real Treat,Positive,0.9999999820525604
Great quality (and one little thing),Build Quality,Great quality (and one little thing),Positive,0.6428562724450575
"Fun and interesting, well worth it",Price / Value,"Fun and interesting, well worth it",Positive,0.9999959169359592
replacement battery not holding juice,Battery,replacement battery not holding juice,Negative,1.0
Nice protection but awfully expensive for what it is,Price / Value,awfully expensive for what it is,Negative,0.9965972440468268
Good camera reasonable price,Price / Value,Good camera reasonable price,Positive,0.9999999999999785
"Not fair price, Amazon!",Price / Value,"Not fair price, Amazon",Negative,0.9650700458140026
"Waste of money and boring, boring, boring",Price / Value,"Waste of money and boring, boring, boring",Negative,1.0
On the Cheap,Price / Value,On the Cheap,Negative,0.9998303218514967
Kitchen Aid Quality slipping away,Build Quality,Kitchen Aid Quality slipping away,Positive,0.9999955554447446
Poor Quality & u can not connect another hose to it,Build Quality,Poor Quality & u can not connect another hose to it,Negative,1.0
The Traveler Isn't Worth The Trip!,Price / Value,The Traveler Isn't Worth The Trip,Positive,0.9999999196100247
How to save money!,Price / Value,How to save money,Negative,0.9999999945195628
Helps you discover the full power of VI.,Battery,Helps you discover the full power of VI,Positive,1.0
WoW Liberty Dollars getting back to Backed money,Price / Value,WoW Liberty Dollars getting back to Backed money,Positive,1.0
Waste of money for me,Price / Value,Waste of money for me,Negative,0.9999999999999314
What happen to quality of Fram gas filter's ???,Build Quality,What happen to quality of Fram gas filter's,Negative,0.9960290909253613
"Slim package of uneven, but clever, first season",Delivery / Packaging,Slim package of uneven,Negative,0.9999859988756682
"Simple, effective, cheap",Price / Value,"Simple, effective, cheap",Positive,0.9172774704041385
A Road Trip Worth Taking,Price / Value,A Road Trip Worth Taking,Positive,0.9999999814818533
Great product worth the price,Price / Value,Great product worth the price,Positive,0.9979902383973254
Excellent lubricant -- terrible value for your dollar,Price / Value,Excellent lubricant -- terrible value for your dollar,Positive,0.9998115667808399
Help on this album,Customer Support,Help on this album,Positive,0.988158248389775
The battery that DOESN'T keep going and going!,Battery,The battery that DOESN'T keep going and going,Negative,0.9999998488512811
difficult to set up - but okay for the price,Price / Value,okay for the price,Negative,0.9633850127599379
THE BEST RECEIVER FOR MONEY,Price / Value,THE BEST RECEIVER FOR MONEY,Positive,0.9999895279166297
Quality problems,Build Quality,Quality problems,Negative,0.99994529591313
Phone charger,Battery,Phone charger,Negative,0.9987988862070991
"For the price, this gun shouldn't have broken so easily.",Price / Value,"For the price, this gun shouldn't have broken so easily",Negative,0.9999999999998483
NOT durable like other KONG products ! Beware...,Build Quality,NOT durable like other KONG products,Negative,0.8670952917386046
"Chris Whitley exhibits raw acoustic power on ""Dirt Floor.""",Battery,"Chris Whitley exhibits raw acoustic power on ""Dirt Floor",Positive,1.0
Cheap Junk,Price / Value,Cheap Junk,Negative,0.9999999999999998
"4 for sound, 0 for durability",Build Quality,"4 for sound, 0 for durability",Negative,0.9999999989448518
Not worth the money-time-trouble,Price / Value,Not worth the money-time-trouble,Negative,0.9999999995694338
Good build up but disappointing ending,Build Quality,Good build up,Negative,0.8409527941541987
"comfortable, stays in my ears, good sound quality",Build Quality,"comfortable, stays in my ears, good sound quality",Positive,0.9877208133507265
Poor Quality Reproduction,Build Quality,Poor Quality Reproduction,Negative,0.9999999999999833
Waste of money - didn't work,Price / Value,Waste of money - didn't work,Negative,1.0
first time customer pleased with instant service,Customer Support,first time customer pleased with instant service,Positive,0.9946652299535704
Item came scratched & in generic packaging,Delivery / Packaging,Item came scratched & in generic packaging,Negative,1.0
"Bad product, worse service",Customer Support,"Bad product, worse service",Negative,1.0
Not a quality item,Build Quality,Not a quality item,Negative,0.9999344029239132
"Bulky, feels gross, not worth ordering",Price / Value,"Bulky, feels gross, not worth ordering",Negative,1.0
Cheap Plastic,Build Quality,Cheap Plastic,Negative,0.9999999890615642
Cheap Plastic,Price / Value,Cheap Plastic,Negative,0.9999999890615642
Worth the Purchase if You Own an HDTV,Price / Value,Worth the Purchase if You Own an HDTV,Positive,0.9999999999997087
Save your money--buy something else.,Price / Value,Save your money--buy something else,Negative,0.9999999999999982
hard topic but well worth the knowledge,Price / Value,well worth the knowledge,Positive,0.9640948437126271
The Special Edition has arrived - BUY IT NOW!,Delivery / Packaging,The Special Edition has arrived - BUY IT NOW,Negative,0.9999996742783961
TOTAL WASTE OF MONEY!,Price / Value,TOTAL WASTE OF MONEY,Negative,1.0
Material fell apart after 6 to 8 wears,Build Quality,Material fell apart after 6 to 8 wears,Negative,1.0
Terrible product save your money!,Price / Value,Terrible product save your money,Negative,1.0
"Worth having, but...",Price / Value,Worth having,Negative,0.721810111928068
Shipping no longer a problem,Delivery / Packaging,Shipping no longer a problem,Negative,0.9999999181667871
Good value but not great absorbtion,Price / Value,Good value,Positive,0.9990379147910836
Quality Product and Service!,Build Quality,Quality Product and Service,Negative,0.9990111678317607
Quality Product and Service!,Customer Support,Quality Product and Service,Negative,0.9990111678317607
Worth waiting for!!!,Price / Value,Worth waiting for,Negative,0.9657089945252239
It is not worth the time spent reading it.,Price / Value,It is not worth the time spent reading it,Positive,0.9004001424644968
good product no service,Customer Support,good product no service,Negative,0.8314694300272025
Not worth a look.,Price / Value,Not worth a look,Negative,0.593011492814614
redefines power metal,Battery,redefines power metal,Positive,0.9981173102355788
redefines power metal,Build Quality,redefines power metal,Positive,0.9981173102355788
Good job for the price,Price / Value,Good job for the price,Positive,0.9999949905990092
It's CHEAP in many ways,Price / Value,It's CHEAP in many ways,Negative,0.9999999963007509
arrived broken,Delivery / Packaging,arrived broken,Negative,0.999999998426204
No help,Customer Support,No help,Negative,0.8079871621346206
Create slipper for the price,Price / Value,Create slipper for the price,Positive,0.9999999990147812
Short life and poor quality control,Build Quality,Short life and poor quality control,Negative,0.9999999998134099
"Cheaply Made sand box, build your own",Build Quality,"Cheaply Made sand box, build your own",Negative,1.0
"Cheaply Made sand box, build your own",Delivery / Packaging,"Cheaply Made sand box, build your own",Negative,1.0
A total waste of money.,Price / Value,A total waste of money,Negative,1.0
I AM NOT AN AGENT,Customer Support,I AM NOT AN AGENT,Negative,0.9988724844451978
Poor sound quality!,Build Quality,Poor sound quality,Negative,0.999999999506606
Awesome quality and price!,Build Quality,Awesome quality and price,Positive,0.9999999888192633
Awesome quality and price!,Price / Value,Awesome quality and price,Positive,0.9999999888192633
Does not support all OS,Customer Support,Does not support all OS,Negative,0.9999985737566175
The most inspirational Punk/Metal CD that I own!!,Build Quality,The most inspirational Punk/Metal CD that I own,Positive,0.9999999999999949
waste of money!,Price / Value,waste of money,Negative,0.9999999999999314
Good price but...,Price / Value,Good price,Positive,0.9982515708444051
Packaging slightly defective,Delivery / Packaging,Packaging slightly defective,Negative,0.9999999999993594
Does the term...waste of good plastic mean anything?,Build Quality,waste of good plastic mean anything,Negative,1.0
It was ok. Not worth reading for enjoyment purposes.,Price / Value,Not worth reading for enjoyment purposes,Positive,0.9999955171930452
Not worth nine cents,Price / Value,Not worth nine cents,Negative,0.9999921633601284
Great Machine- ** NO Support ** Its the service after the sale that counts.,Customer Support,Great Machine- ** NO Support ** Its the service after the sale that counts,Negative,0.9999999999997946
Broken out of the box.,Delivery / Packaging,Broken out of the box,Negative,0.9999999880860605
Blu-ray edition well worth it,Price / Value,Blu-ray edition well worth it,Negative,0.9054971506749914
Best Lens for the Money,Price / Value,Best Lens for the Money,Positive,0.9994096780421282
Good movie - impossible quality,Build Quality,Good movie - impossible quality,Negative,0.9746248170181976
"Cheap, but cheap!",Price / Value,Cheap ... cheap,Negative,0.9999999726661498
"For the money, this was perfect",Price / Value,"For the money, this was perfect",Positive,0.9919844896220638
A Novel Well Worth the Time to Read,Price / Value,A Novel Well Worth the Time to Read,Positive,0.9993767660154043
"save your money, this is Bad quality",Build Quality,"save your money, this is Bad quality",Negative,0.9999999999999429
"save your money, this is Bad quality",Price / Value,"save your money, this is Bad quality",Negative,0.9999999999999429
Good charger,Battery,Good charger,Positive,0.99700025923202
Low price for faulty hardware = waste of money,Price / Value,Low price for faulty hardware = waste of money,Negative,1.0
Convenient and Cost Effective,Price / Value,Convenient and Cost Effective,Positive,0.9999999647560743
If only Emeril made better quality stuff,Build Quality,If only Emeril made better quality stuff,Negative,0.9571741341341063
Help!?,Customer Support,Help,Negative,0.8079871621346206
"Disappointed, not worth its price",Price / Value,"Disappointed, not worth its price",Negative,0.9999957124031942
"Affordable copy, decent trans.",Price / Value,"Affordable copy, decent trans",Positive,1.0
Awesome set - lousy shipping,Delivery / Packaging,Awesome set - lousy shipping,Positive,0.7717950399496283
Good buy - good quality,Build Quality,Good buy - good quality,Negative,0.994765422892927
The cling-ons have arrived,Delivery / Packaging,The cling-ons have arrived,Negative,0.9855193168211724
Poor Durability,Build Quality,Poor Durability,Negative,0.9999999999544744
The Hornblower Saga is worth reading,Price / Value,The Hornblower Saga is worth reading,Positive,1.0
High quality product,Build Quality,High quality product,Negative,0.9838109114255493
Wrong CD in Package,Delivery / Packaging,Wrong CD in Package,Negative,0.9991655441913646
Worst customer service ever,Customer Support,Worst customer service ever,Negative,0.9999999999997959
Not OXO quality,Build Quality,Not OXO quality,Negative,0.989152203750758
Girl Power at the Expense of Society,Battery,Girl Power at the Expense of Society,Positive,0.9982540375550748
works ok. good price,Price / Value,good price,Positive,0.9982515708444051
Save money and trees...,Price / Value,Save money and trees,Negative,0.9999999999999909
"Good service, Quick shipment",Customer Support,"Good service, Quick shipment",Positive,0.99994596904938
Cheap bad book,Price / Value,Cheap bad book,Negative,0.9999998769646379
Ultra Poor Value,Price / Value,Ultra Poor Value,Negative,0.9999999227329617
cheap chinese garbage,Price / Value,cheap chinese garbage,Negative,0.9999999999996052
Rip Off....Don't waste your money,Price / Value,Don't waste your money,Negative,0.9999999999999314
Cheap belt.,Price / Value,Cheap belt,Negative,0.9999999780753672
"Great movie, terrible quality DVD",Build Quality,"Great movie, terrible quality DVD",Negative,0.9999999825190032
defective power supply!!!!!!!!!!!!!,Battery,defective power supply,Negative,0.9999999999812912
Every piece is a delight. Worth twice the price.,Price / Value,Worth twice the price,Negative,0.9950695359294824
Wasting money,Price / Value,Wasting money,Negative,0.9999999999819551
Ideal answer to a power outage,Battery,Ideal answer to a power outage,Positive,0.9999996220530406
What A Bust----Don't Waste Your Money,Price / Value,What A Bust----Don't Waste Your Money,Negative,1.0
"A must read if you want to save your money from the "" SHARKS",Price / Value,"A must read if you want to save your money from the "" SHARKS",Negative,0.99679920904583
Did not charge my G4 unless the laptop was closed!,Battery,Did not charge my G4 unless the laptop was closed,Negative,1.0
Great convience for the price!!!!,Price / Value,Great convience for the price,Positive,0.9997974834104703
Better than Mac's charger,Battery,Better than Mac's charger,Negative,0.9477709934628388
Doesn't degrade sound quality,Build Quality,Doesn't degrade sound quality,Negative,0.9999999665212989
Not worth buying...a renter at best,Price / Value,Not worth buying,Negative,0.997538437610853
Why is kindle version so expensive???!,Price / Value,Why is kindle version so expensive,Negative,0.9999999814488455
Well Worth Watching,Price / Value,Well Worth Watching,Negative,0.5377026061480245
okay for the price,Price / Value,okay for the price,Negative,0.9633850127599379
I didn't know Amazon handled such poor quality anything!,Build Quality,I didn't know Amazon handled such poor quality anything,Negative,1.0
Pathetic Design,Build Quality,Pathetic Design,Negative,1.0
Don't waste your hard-earned money,Price / Value,Don't waste your hard-earned money,Negative,0.9999999999975113
Poor cutting quality,Build Quality,Poor cutting quality,Negative,0.9999999993166919
excellent movie - poor quality,Build Quality,excellent movie - poor quality,Negative,0.9975054445139261
THE TRANSFER QUALITY WAS THE SECRET,Build Quality,THE TRANSFER QUALITY WAS THE SECRET,Negative,0.9999368198717048
One of the first Christian non-glam Metal bands,Build Quality,One of the first Christian non-glam Metal bands,Positive,0.9999921328976062
Quick Delivery!,Delivery / Packaging,Quick Delivery,Positive,0.9998888820540736
Poorly drawn animals and cumbersome design,Build Quality,Poorly drawn animals and cumbersome design,Negative,1.0
My first 100% plastic cards and they are great,Build Quality,My first 100% plastic cards and they are great,Negative,0.9999877575483251
Worth the price,Price / Value,Worth the price,Positive,0.9727089290713898
"Good Scanner, no drivers, no support.",Customer Support,"Good Scanner, no drivers, no support",Negative,0.9999999997468065
I was uncertain about a battery drill...,Battery,I was uncertain about a battery drill,Negative,0.9365459710246912
Good Value,Price / Value,Good Value,Positive,0.9990379147910836
Bad Battery,Battery,Bad Battery,Negative,0.9999971445143919
"Good Phone, Lousy Customer Support",Customer Support,"Good Phone, Lousy Customer Support",Negative,1.0
Excelent quality.,Build Quality,Excelent quality,Positive,0.9999999950648306
Disappointing Video Quality,Build Quality,Disappointing Video Quality,Negative,0.9999999997844877
A $49.95 value?,Price / Value,95 value,Negative,0.7863591679477505
Don't Waste Your Money on this POS!,Price / Value,Don't Waste Your Money on this POS,Negative,1.0
Good quality,Build Quality,Good quality,Negative,0.8498692702723925
"Decent price... not crazy good quality, but does the job.",Price / Value,Decent price,Positive,0.9953409530951493
"Decent price... not crazy good quality, but does the job.",Build Quality,not crazy good quality,Positive,0.6685688680326265
Over priced and poor quality,Build Quality,Over priced and poor quality,Negative,0.9999999991129924
Plastic GARBAGE,Build Quality,Plastic GARBAGE,Negative,0.9999999997698563
Shine - Terrible packaging,Delivery / Packaging,Shine - Terrible packaging,Negative,0.9999507824224959
Bad Quality,Build Quality,Bad Quality,Negative,0.9999890314837009
High Quality Gun Case,Build Quality,High Quality Gun Case,Negative,0.9941452078428225
The Number: What Do You Need for the Rest of Your Life and What Will It Cost?,Price / Value,The Number: What Do You Need for the Rest of Your Life and What Will It Cost,Negative,0.9048488930263384
Poor quality recording,Build Quality,Poor quality recording,Negative,0.9999999796861161
No interest in the child's value,Price / Value,No interest in the child's value,Negative,0.9983231519355508
Broke out of the box,Delivery / Packaging,Broke out of the box,Negative,0.9999999999855329
The Essence of Tower of Power Finally Captured,Battery,The Essence of Tower of Power Finally Captured,Positive,1.0
nice set for the money,Price / Value,nice set for the money,Positive,0.5958066326069249
CHARGE,Battery,CHARGE,Negative,0.9999768632487888
Terrible Customer Service,Customer Support,Terrible Customer Service,Negative,0.9999999999935008
Great package,Delivery / Packaging,Great package,Positive,0.9761065466492148
Poor Pix Quality,Build Quality,Poor Pix Quality,Negative,0.9999999953107233
Battery is great but Amazon's shipping sucks! Please read...,Battery,Battery is great,Negative,0.7154845904586433
Battery is great but Amazon's shipping sucks! Please read...,Delivery / Packaging,Amazon's shipping sucks,Negative,0.9999999999952212
"Cheap slippery sole, longer than standard size.",Price / Value,"Cheap slippery sole, longer than standard size",Negative,0.9999999997980322
All hype and not worth the money,Price / Value,All hype and not worth the money,Negative,0.9999999999885911
poor product quality,Build Quality,poor product quality,Negative,0.9999999972273068
Not Worth The Money or Time!!!!!,Price / Value,Not Worth The Money or Time,Negative,0.999904303009979
price!,Price / Value,price,Positive,0.9898416453054183
Poorer quality with each purchase - NOT BUILT TO LAST!,Build Quality,Poorer quality with each purchase - NOT BUILT TO LAST,Negative,1.0
Tough to configure with DSL - long wait for tech support,Customer Support,Tough to configure with DSL - long wait for tech support,Negative,0.9999999999868914
Wagan.com says inside the 2227 model is PLASTIC,Build Quality,com says inside the 2227 model is PLASTIC,Negative,0.9999999986232406
Insufficient prep material for Patent Bar,Build Quality,Insufficient prep material for Patent Bar,Negative,1.0
Cheap made,Price / Value,Cheap made,Negative,0.999985261136644
"poor sound quality, ragged performance",Build Quality,"poor sound quality, ragged performance",Negative,0.9999999983864574
Good price and quality,Build Quality,Good price and quality,Positive,0.94231853053374
Good price and quality,Price / Value,Good price and quality,Positive,0.94231853053374
Unsurpassed Quality & Value,Build Quality,Unsurpassed Quality & Value,Positive,1.0
Unsurpassed Quality & Value,Price / Value,Unsurpassed Quality & Value,Positive,1.0
Worked fine but power supply,Battery,power supply,Negative,0.9771526722432253
Great service & CD,Customer Support,Great service & CD,Positive,0.9950325687709332
"Good quality, easy to use",Build Quality,"Good quality, easy to use",Positive,0.9883930239125819
BATTERY NOT INCLUDED,Battery,BATTERY NOT INCLUDED,Negative,0.9998679563988297
Disappointed - Don't waste your money.,Price / Value,Disappointed - Don't waste your money,Negative,1.0
Quality Product,Build Quality,Quality Product,Negative,0.9917777147284127
It's worth reading.,Price / Value,It's worth reading,Positive,0.9354958860389128
"It has historical value, but...",Price / Value,It has historical value,Positive,0.9998158183882565
A lot of money spent for a teapot that didn't last,Price / Value,A lot of money spent for a teapot that didn't last,Negative,1.0
Design flaw led to broken handle lid on two separate models,Build Quality,Design flaw led to broken handle lid on two separate models,Negative,1.0
Cheap Outline...Not A Good Source,Price / Value,Cheap Outline,Negative,1.0
"Expensive carriage, low quality",Build Quality,"Expensive carriage, low quality",Negative,0.9999999465591378
"Expensive carriage, low quality",Price / Value,"Expensive carriage, low quality",Negative,0.9999999465591378
Great Camera for the price,Price / Value,Great Camera for the price,Positive,0.9999951636375538
Not worth the time to read,Price / Value,Not worth the time to read,Positive,0.6445514063504222
Worth the money if you have the patience to practice it.,Price / Value,Worth the money if you have the patience to practice it,Negative,0.999999188689278
Not the correct price,Price / Value,Not the correct price,Negative,0.9515211392421017
Great product for the money !,Price / Value,Great product for the money,Negative,0.9919327696613953
A wast of Money,Price / Value,A wast of Money,Negative,1.0
Excellent Help,Customer Support,Excellent Help,Positive,0.9999884203052599
Support,Customer Support,Support,Negative,0.9999110724945106
poor design,Build Quality,poor design,Negative,0.9999999999419158
"A Great Album, Worth The Money",Price / Value,"A Great Album, Worth The Money",Positive,0.7916108377533164
"Very high quality, couldn't ask for anything better...",Build Quality,"Very high quality, couldn't ask for anything better",Negative,0.9999991757433085
Plastic shell,Build Quality,Plastic shell,Negative,0.9999972833844827
Cheap & effective way to prop up your cellphone,Price / Value,Cheap & effective way to prop up your cellphone,Positive,0.9999709966371501
Don't waste your money!!,Price / Value,Don't waste your money,Negative,0.9999999999999314
Run Money Run!,Price / Value,Run Money Run,Negative,0.9999999873248963
"Open minded german ""metal""?",Build Quality,"Open minded german ""metal""",Positive,0.9973201166630796
"Artistically censored, DO NOT SUPPORT THIS EDITION!",Customer Support,"Artistically censored, DO NOT SUPPORT THIS EDITION",Negative,1.0
Waste of money!,Price / Value,Waste of money,Negative,0.9999999999999314
Problem with charging smaller AAAs,Battery,Problem with charging smaller AAAs,Negative,1.0
broken when I opened the box,Delivery / Packaging,broken when I opened the box,Negative,0.9999999999999996
Beautiful glasses at a great price!,Price / Value,Beautiful glasses at a great price,Positive,0.9999999962706403
quality,Build Quality,quality,Negative,0.9707336906682964
Car charger for Motorola Razor,Battery,Car charger for Motorola Razor,Negative,0.9736810538986033
Poor Quality Products by Rooster LLC,Build Quality,Poor Quality Products by Rooster LLC,Negative,1.0
POOR SUPPORT,Customer Support,POOR SUPPORT,Negative,0.999999999970256
Good for the price,Price / Value,Good for the price,Positive,0.9982515708444051
Total garbage! Software terrible. No support. Don't buy!,Customer Support,No support,Negative,0.9999110724945106
Quality Voice,Build Quality,Quality Voice,Negative,0.6292988026520758
trite but true: a picture is worth a thousand words...,Price / Value,true: a picture is worth a thousand words,Negative,0.9900979626216778
"Plastic good, metal bad",Build Quality,"Plastic good, metal bad",Negative,0.999980470467852
Excellant value,Price / Value,Excellant value,Positive,1.0
Great condition and prompt delivery,Delivery / Packaging,Great condition and prompt delivery,Positive,1.0
Great product for a good price,Price / Value,Great product for a good price,Positive,0.999874300364268
bulk packaging was waste,Delivery / Packaging,bulk packaging was waste,Negative,0.9999999841562746
Quality comedy with heart,Build Quality,Quality comedy with heart,Positive,0.9999136981502621
the quality is worth the price i paid,Build Quality,the quality is worth the price i paid,Negative,0.9997984202262903
the quality is worth the price i paid,Price / Value,the quality is worth the price i paid,Negative,0.9997984202262903
Waste of money...,Price / Value,Waste of money,Negative,0.9999999999999314
London bus scene worth price of admission.,Price / Value,London bus scene worth price of admission,Positive,1.0
should have been ceramic for what it cost,Price / Value,should have been ceramic for what it cost,Positive,0.9999999999999913
"DO NOT BUY THIS EDITITION, OVERPRICED/POOR QUALITY",Build Quality,"DO NOT BUY THIS EDITITION, OVERPRICED/POOR QUALITY",Negative,0.9999999999999993
Don't spend your money on it,Price / Value,Don't spend your money on it,Negative,0.9999999999080016
Spend your money elsewhere.,Price / Value,Spend your money elsewhere,Negative,0.9999999999999973
SAVE YOUR MONEY,Price / Value,SAVE YOUR MONEY,Negative,0.9999999945195628
Q: Why so much more than the CF sleeve? A: a battery,Battery,A: a battery,Negative,0.9922124456019006
Sound quality is horrible.,Build Quality,Sound quality is horrible,Negative,0.9999999999999527
Ebook version of poor quality,Build Quality,Ebook version of poor quality,Negative,0.9999999999993678
Great sound for the money!!,Price / Value,Great sound for the money,Negative,0.9985548723027743
"Poor design, save your money",Build Quality,"Poor design, save your money",Negative,1.0
"Poor design, save your money",Price / Value,"Poor design, save your money",Negative,1.0
Not worth watching even for free!!!,Price / Value,Not worth watching even for free,Negative,0.9999865308820663
Terrible Quality,Build Quality,Terrible Quality,Negative,0.9999999984662555
Feels like cheap junky plastic.,Build Quality,Feels like cheap junky plastic,Negative,1.0
Feels like cheap junky plastic.,Price / Value,Feels like cheap junky plastic,Negative,1.0
The quality is not what I expected,Build Quality,The quality is not what I expected,Negative,0.9989180034732706
Not a new battery,Battery,Not a new battery,Negative,0.9639523304206734
too expensive,Price / Value,too expensive,Negative,0.9927118061348587
College Book that simply teaches grammar that is so confusing that it's just not worth caring about.,Price / Value,College Book that simply teaches grammar that is so confusing that it's just not worth caring about,Negative,0.9349741551824621
Fun and Durable,Build Quality,Fun and Durable,Positive,0.9980024278423889
good catalytic for the money,Price / Value,good catalytic for the money,Negative,0.9965912943733701
Retarded Design,Build Quality,Retarded Design,Negative,1.0
Atrocious - not even worth one star.,Price / Value,Atrocious - not even worth one star,Negative,0.9999999999999976
Great product for the price.,Price / Value,Great product for the price,Positive,0.9992639311512526
LG C2000 Battery,Battery,LG C2000 Battery,Negative,0.9999998008874765
Cheap electrical connections ruin an otherwise okay chill mat,Price / Value,Cheap electrical connections ruin an otherwise okay chill mat,Negative,1.0
"Excellent bible translation, very bad print quality.",Build Quality,"Excellent bible translation, very bad print quality",Negative,0.8791430959567625
"great edition, worst amazon packaging ever",Delivery / Packaging,"great edition, worst amazon packaging ever",Negative,0.9999999999998157
Magnets fell off as soon as you opened the box,Delivery / Packaging,Magnets fell off as soon as you opened the box,Negative,1.0
The Charge is very Light indeed!,Battery,The Charge is very Light indeed,Negative,0.9699081448060242
remarkable value,Price / Value,remarkable value,Positive,0.9999999956501848
Shipping,Delivery / Packaging,Shipping,Negative,0.7784561806719459
Extremely poorly produced: Worst quality of sound and video.,Build Quality,Extremely poorly produced: Worst quality of sound and video,Negative,1.0
Wasted my money,Price / Value,Wasted my money,Negative,0.9999999999999989
skip it and save your money,Price / Value,skip it and save your money,Negative,0.9999999999998246
Dont throw your money away!,Price / Value,Dont throw your money away,Negative,1.0
"Wonderful movie, Beautiful packaging",Delivery / Packaging,"Wonderful movie, Beautiful packaging",Positive,0.9999999882076173
Quality work,Build Quality,Quality work,Negative,0.9996410461906169
"Like the film, hated the quality of the picture.",Build Quality,"Like the film, hated the quality of the picture",Negative,0.9999999999414155
A great way to help teach your child Catholic Traditions,Customer Support,A great way to help teach your child Catholic Traditions,Positive,0.9996056044015149
"returned, but not refund",Customer Support,not refund,Negative,1.0
Matt Helm Lounge Box Set,Delivery / Packaging,Matt Helm Lounge Box Set,Positive,1.0
Parris replicas not worth the money,Price / Value,Parris replicas not worth the money,Negative,0.9997865235122964
Still chirps with new battery,Battery,Still chirps with new battery,Positive,0.6574258374042524
Cheap entertainment,Price / Value,Cheap entertainment,Negative,0.8498351086210814
"Dull, drawn-out lesbian horror fare not worth watching",Price / Value,"Dull, drawn-out lesbian horror fare not worth watching",Negative,1.0
Very good camera for a reasonable price,Price / Value,Very good camera for a reasonable price,Positive,0.9999999999999785
What shall I spend my money on today?,Price / Value,What shall I spend my money on today,Negative,0.9999070476258327
money well spent,Price / Value,money well spent,Negative,0.9728570987255367
Ipod Mini Otter Box Leaked,Delivery / Packaging,Ipod Mini Otter Box Leaked,Negative,0.9999999536483309
fantastic service!,Customer Support,fantastic service,Positive,0.9999958685983223
GREAT MESSAGE; POOR QUALITY,Build Quality,POOR QUALITY,Negative,0.9999999899169606
Design Flaw,Build Quality,Design Flaw,Negative,0.9999996961399382
Poor Manufacturing Quality,Build Quality,Poor Manufacturing Quality,Negative,1.0
White Plastic Kitchen Bowl Set is amazing!,Build Quality,White Plastic Kitchen Bowl Set is amazing,Positive,1.0
Great idea - shoddy construction - waste of money,Build Quality,Great idea - shoddy construction - waste of money,Negative,1.0
Great idea - shoddy construction - waste of money,Price / Value,Great idea - shoddy construction - waste of money,Negative,1.0
extremely poor product / non-existent customer service,Customer Support,extremely poor product / non-existent customer service,Negative,1.0
Not worth the money!,Price / Value,Not worth the money,Negative,0.9997865235122964
Worthless and cheap,Price / Value,Worthless and cheap,Negative,1.0
Fine battery,Battery,Fine battery,Negative,0.8651902917013978
Terrible Picture Quality,Build Quality,Terrible Picture Quality,Negative,0.99999999995077
"Cheap, Entertaining Toy for Preschoolers",Price / Value,"Cheap, Entertaining Toy for Preschoolers",Positive,0.9999920292543313
"Amazon, Can I Have my Money Back, PLEASE?",Price / Value,"Amazon, Can I Have my Money Back, PLEASE",Negative,0.9999999913167984
Great Price/Good Quality,Build Quality,Great Price/Good Quality,Positive,0.9987932838853782
Great Price/Good Quality,Price / Value,Great Price/Good Quality,Positive,0.9987932838853782
Great system for the price...,Price / Value,Great system for the price,Positive,0.9999566697819857
A Cheap Introduction?,Price / Value,A Cheap Introduction,Positive,0.5313758357347617
Poor quality & service,Build Quality,Poor quality & service,Negative,0.999999998796169
Poor quality & service,Customer Support,Poor quality & service,Negative,0.999999998796169
Charging takes 15 hours!,Battery,Charging takes 15 hours,Negative,1.0
adult swim packaging,Delivery / Packaging,adult swim packaging,Positive,0.9999999999999996
A WASTE OF TIME & MONEY,Price / Value,A WASTE OF TIME & MONEY,Negative,0.9999999999999691
Defective Plastic,Build Quality,Defective Plastic,Negative,0.9999999999999456
Nice value tent,Price / Value,Nice value tent,Positive,0.999999913053077
Poor Packaging/No Warranty,Delivery / Packaging,Poor Packaging/No Warranty,Negative,1.0
Im rating this package only...not the 3 styx albums,Delivery / Packaging,Im rating this package only,Negative,0.9998705376030756
Worth Reading - Barely,Price / Value,Worth Reading - Barely,Negative,0.9999981061806146
Worth it !!!,Price / Value,Worth it,Negative,0.721810111928068
Worth every penny!,Price / Value,Worth every penny,Positive,0.9999973786901203
THE BEST HAS ARRIVED!!,Delivery / Packaging,THE BEST HAS ARRIVED,Positive,0.9149332016836457
Awesome! Thanks for speedy delivery,Delivery / Packaging,Thanks for speedy delivery,Positive,0.9999999999999898
Not Worth the Hypye,Price / Value,Not Worth the Hypye,Negative,0.721810111928068
not typical gary paulsen material,Build Quality,not typical gary paulsen material,Negative,0.9967625878647093
not worth 10 cents,Price / Value,not worth 10 cents,Negative,0.9999988811316314
Complete lack of quality,Build Quality,Complete lack of quality,Negative,0.9999999999998177
not worth taking the chance,Price / Value,not worth taking the chance,Negative,0.8270262532198316
Not worth your while.,Price / Value,Not worth your,Negative,0.721810111928068
Quality control is an issue,Build Quality,Quality control is an issue,Negative,0.9999998982036645
For what it's worth....,Price / Value,For what it's worth,Negative,0.721810111928068
Worth buying,Price / Value,Worth buying,Negative,0.997538437610853
Sound quality is weak.,Build Quality,Sound quality is weak,Negative,0.9999999999910754
This is not worth even a rental let alone a buy.,Price / Value,This is not worth even a rental let alone a buy,Negative,0.9999999999939735
Excellent sound quality,Build Quality,Excellent sound quality,Positive,0.9981381343968261
The Power of Three,Battery,The Power of Three,Negative,0.8482775527997058
"pretty good extra on oliver reed, other than that, not really worth the extra money",Price / Value,"pretty good extra on oliver reed, other than that, not really worth the extra money",Negative,0.79734600184823
bad quality caliper,Build Quality,bad quality caliper,Negative,0.9999945031096497
THEY WILL STEAL YOUR MONEY AND GIVE YOU NOTHING,Price / Value,THEY WILL STEAL YOUR MONEY AND GIVE YOU NOTHING,Negative,0.9999999993619628
"""NOT WORTH THE TIME~""",Price / Value,"""NOT WORTH THE TIME~""",Negative,0.8250381421414094
Too little information to be of significant value,Price / Value,Too little information to be of significant value,Positive,0.9990651851821833
HIGH QUALITY,Build Quality,HIGH QUALITY,Negative,0.9435375629374844
Fine Historical Collection - Sound Quality Wretched,Build Quality,Fine Historical Collection - Sound Quality Wretched,Negative,0.9999999999997831
"The movie is good, blu-ray audio quality is suspect",Build Quality,"The movie is good, blu-ray audio quality is suspect",Positive,0.956250393396134
Headhunters Good - Price HERE 2X as much,Price / Value,Headhunters Good - Price HERE 2X as much,Positive,0.8600601023760411
Nice reference. Cheap price.,Price / Value,Cheap price,Negative,0.9845481487207279
"Awful, cheap and breaks instantly",Price / Value,"Awful, cheap and breaks instantly",Negative,1.0
"Though not all that known, quite worth the $$",Price / Value,"not all that known, quite worth the $$",Positive,0.9754606132147332
quality material,Build Quality,quality material,Negative,0.9997862965527289
item price increased,Price / Value,item price increased,Negative,0.9998152401418118
Not as good as Time Passages or Year of the Cat but worth getting.,Price / Value,worth getting,Negative,0.7372566750799027
Rechargable battery is the problem...,Battery,Rechargable battery is the problem,Negative,0.9999853149614906
Well worth it!,Price / Value,Well worth it,Positive,0.9298037675592
DONT BUY online-arrived bent and unusable,Delivery / Packaging,DONT BUY online-arrived bent and unusable,Negative,1.0
Don't waste your money or time,Price / Value,Don't waste your money or time,Negative,0.9999999999999691
These chairs aren't worth $1.00,Price / Value,These chairs aren't worth $1,Positive,0.9998638947693198
Extremely poor audio quality,Build Quality,Extremely poor audio quality,Negative,0.9999999999927092
"Swivel Peeler Works Well, But Design Could Be Improved",Build Quality,Design Could Be Improved,Negative,0.9971530264047314
Not worth $15,Price / Value,Not worth $15,Negative,0.7402091312213006
Better than those with a battery!,Battery,Better than those with a battery,Negative,0.9953000706667287
Nice but not good quality.,Build Quality,not good quality,Negative,0.8498692702723925
Not the quality it was advertised as,Build Quality,Not the quality it was advertised as,Negative,0.9914915085350653
Great packaging!,Delivery / Packaging,Great packaging,Negative,0.574659717641806
Doesn't work due to terrible design,Build Quality,Doesn't work due to terrible design,Negative,1.0
"ITS WORTH THE $,",Price / Value,"ITS WORTH THE $,",Negative,0.721810111928068
"Delicious ice cream, low quality parts",Build Quality,"Delicious ice cream, low quality parts",Positive,0.9857608227147994
Good price.,Price / Value,Good price,Positive,0.9982515708444051
"Cheap, expected more from OXO",Price / Value,"Cheap, expected more from OXO",Negative,0.9999977821234922
High Quality Can opener.,Build Quality,High Quality Can opener,Negative,0.8576771496580389
Don't waste You're Money,Price / Value,Don't waste You're Money,Negative,0.9999999999999318
Support good music... Give this a try...,Customer Support,Support good music,Negative,0.9915377084902145
quality???,Build Quality,quality,Negative,0.9707336906682964
Piece of Junk. Don't waste your money.,Price / Value,Don't waste your money,Negative,0.9999999999999314
Quality Cap,Build Quality,Quality Cap,Negative,0.9994364864177887
"Good for the gym, at a good price",Price / Value,"Good for the gym, at a good price",Positive,0.9999523920515763
Save Yourself Some Money!,Price / Value,Save Yourself Some Money,Negative,0.9999999945195628
WASTE OF MONEY!!!!!!!!!,Price / Value,WASTE OF MONEY,Negative,0.9999999999999314
Canon high-power flash,Battery,Canon high-power flash,Positive,0.9859277821053049
Customer Service is POOR,Customer Support,Customer Service is POOR,Negative,0.9999999999572726
Apollyon Sun's Sub is not worth listening to,Price / Value,Apollyon Sun's Sub is not worth listening to,Positive,0.9999314895574793
Doing the job for less money!!!!,Price / Value,Doing the job for less money,Negative,0.9998373396935355
"cute idea, but not worth it, save your money",Price / Value,"not worth it, save your money",Negative,0.9999999979953655
"A ""Box of Chocolates""",Delivery / Packaging,"A ""Box of Chocolates""",Negative,0.9999999999999976
WARNING - Does Not Help,Customer Support,WARNING - Does Not Help,Negative,0.9999996601078301
Not worth the pain it causes,Price / Value,Not worth the pain it causes,Negative,0.9999999666589006
Perfect replacement for a lost charger,Battery,Perfect replacement for a lost charger,Positive,0.9999995140100172
Solid Value-Conscious Replacement Power Adaptor,Battery,Solid Value-Conscious Replacement Power Adaptor,Positive,1.0
Solid Value-Conscious Replacement Power Adaptor,Price / Value,Solid Value-Conscious Replacement Power Adaptor,Positive,1.0
Movies good but set is very cheap in quality,Build Quality,set is very cheap in quality,Negative,0.9998042963531104
Movies good but set is very cheap in quality,Price / Value,set is very cheap in quality,Negative,0.9998042963531104
Poor quality and construction,Build Quality,Poor quality and construction,Negative,0.9999999999999325
sound quality ??????,Build Quality,sound quality,Negative,0.9985269074342383
Acts- Build Community,Build Quality,Acts- Build Community,Positive,1.0
Not worth 1 star,Price / Value,Not worth 1 star,Negative,0.9998976853471244
Makes battery issues a thing of the past.,Battery,Makes battery issues a thing of the past,Negative,0.8454865614540321
"Excellent movie, poor quality DVD, poor quality video",Build Quality,"Excellent movie, poor quality DVD, poor quality video",Negative,0.9999999999966163
"battery replacement, wtf?",Battery,"battery replacement, wtf",Negative,1.0
Same material in yet another format...,Build Quality,Same material in,Negative,0.992585144945453
Great Product and a Great Price,Price / Value,Great Product and a Great Price,Positive,0.9999854613919872
Great Cable great price only one knock ( on description),Price / Value,Great Cable great price only one knock ( on description),Negative,0.5658591818335071
Best product at the best price,Price / Value,Best product at the best price,Positive,0.9999999303475333
A Great deal for the money,Price / Value,A Great deal for the money,Positive,0.9082458049967579
Horrible customer service and Horrible Machine,Customer Support,Horrible customer service and Horrible Machine,Negative,1.0
Not Blu-Ray quality,Build Quality,Not Blu-Ray quality,Negative,0.9875639328438635
not worth the price,Price / Value,not worth the price,Positive,0.9727089290713898
a good buy for this price,Price / Value,a good buy for this price,Positive,0.7437599594811201
"Great antenna, terrible packaging",Delivery / Packaging,"Great antenna, terrible packaging",Negative,0.9999999979711465
dont waste your time or money,Price / Value,dont waste your time or money,Negative,1.0
Great book for low price,Price / Value,Great book for low price,Positive,0.7145038556875516
Good thing it was cheap,Price / Value,Good thing it was cheap,Negative,0.9998870869545498
"Worth the $5, but not much else",Price / Value,Worth the $5,Negative,0.728174242611409
lectures on philosophy discussing micro differences in terminology with little practical value,Price / Value,lectures on philosophy discussing micro differences in terminology with little practical value,Negative,1.0
What a waste of money,Price / Value,What a waste of money,Negative,0.9999999999999314
Definitely Worth the Money,Price / Value,Definitely Worth the Money,Negative,0.9985221109085158
Addition Cost Shipping - WHY,Price / Value,Addition Cost Shipping - WHY,Positive,0.999999999052734
Addition Cost Shipping - WHY,Delivery / Packaging,Addition Cost Shipping - WHY,Positive,0.999999999052734
esp good price,Price / Value,esp good price,Positive,0.9962480148103424
"Quality issues, not unusual for B&D.",Build Quality,"Quality issues, not unusual for B&D",Positive,0.9395917770844028
Great Value and Work for Price,Price / Value,Great Value and Work for Price,Positive,0.999898898497785
Well worth it!!!,Price / Value,Well worth it,Positive,0.9298037675592
battery is horrible,Battery,battery is horrible,Negative,0.9999999999997482
"No power-metal here, almost no metal at all.",Battery,"No power-metal here, almost no metal at all",Positive,0.999994260712199
"No power-metal here, almost no metal at all.",Build Quality,"No power-metal here, almost no metal at all",Positive,0.999994260712199
What a WASTE-Save your money.,Price / Value,What a WASTE-Save your money,Negative,1.0
"AWESOME!! EVEN IF YOU""RE not A TEENAGER, it's worth it!!!",Price / Value,"EVEN IF YOU""RE not A TEENAGER, it's worth it",Negative,0.9985701873844589
"oh, what a high price :(((((",Price / Value,"oh, what a high price :(((((",Positive,0.9205472244818473
Another fine DeWalt power tool,Battery,Another fine DeWalt power tool,Positive,0.999999998297741
"Great Find, Great Shipping, Great Price",Price / Value,"Great Find, Great Shipping, Great Price",Positive,0.9999999983786416
"Great Find, Great Shipping, Great Price",Delivery / Packaging,"Great Find, Great Shipping, Great Price",Positive,0.9999999983786416
TOTAL WASTE OF MONEY,Price / Value,TOTAL WASTE OF MONEY,Negative,1.0
"Save your money, there are much better books on the subject",Price / Value,"Save your money, there are much better books on the subject",Negative,0.9999999994994611
You call this a battery?,Battery,You call this a battery,Negative,0.9969683509574214
"Frightful Indeed!!!!!!! Quality , that is!!!!!",Build Quality,"Quality , that is",Negative,0.9707336906682964
"broken, moldy, and wet INSIDE the packaged shipping box.",Delivery / Packaging,"broken, moldy, and wet INSIDE the packaged shipping box",Negative,1.0
Very good performance at an attractive price.,Price / Value,Very good performance at an attractive price,Positive,0.9999969639895326
rough material; poor fit,Build Quality,rough material,Negative,0.9994940120884079
"A Great Blu-ray package, but needed more info on the CD music sampler",Delivery / Packaging,A Great Blu-ray package,Positive,0.9446397633009993
Plastic statue guy,Build Quality,Plastic statue guy,Negative,0.9999168818814115
Well worth a read,Price / Value,Well worth a read,Positive,0.9928592328969459
No service in Brazil and product does not work,Customer Support,No service in Brazil and product does not work,Negative,0.9034848309632734
not worth buying,Price / Value,not worth buying,Negative,0.997538437610853
Poor quality is the theme,Build Quality,Poor quality is the theme,Negative,0.9999999873492235
Secret Way to save money--don't buy this book,Price / Value,Secret Way to save money--don't buy this book,Negative,0.9999999999761935
Do spend money for cheap White mountain No longer Quality,Build Quality,Do spend money for cheap White mountain No longer Quality,Negative,1.0
Do spend money for cheap White mountain No longer Quality,Price / Value,Do spend money for cheap White mountain No longer Quality,Negative,1.0
High Quality Receiver,Build Quality,High Quality Receiver,Positive,0.9999252290454655
Dreamtale...sweet power metal.,Battery,sweet power metal,Positive,0.9999997364926231
Dreamtale...sweet power metal.,Build Quality,sweet power metal,Positive,0.9999997364926231
This is a fantastic value,Price / Value,This is a fantastic value,Positive,0.9999999970673998
great concepts but more of an attempt of an author to make money,Price / Value,more of an attempt of an author to make money,Negative,0.9999999999999962
Good quality for the price,Build Quality,Good quality for the price,Positive,0.94231853053374
Good quality for the price,Price / Value,Good quality for the price,Positive,0.94231853053374
Don't waste you time...or money!,Price / Value,or money,Negative,0.9994165960678958
Fast service & great book,Customer Support,Fast service & great book,Positive,0.999704399108767
"Great Toy, and It's Durable",Build Quality,"Great Toy, and It's Durable",Positive,0.8661075153613194
cheap...,Price / Value,cheap,Negative,0.9998303218514967
"poor quality backpack, don't buy...",Build Quality,"poor quality backpack, don't buy",Negative,0.9999877136880942
Regular 'ol Charger,Battery,Regular 'ol Charger,Positive,0.8470800508162777
Save the money!,Price / Value,Save the money,Negative,0.9999999945195628
"so many good music out there, why wasting our time and money",Price / Value,"so many good music out there, why wasting our time and money",Negative,0.9999999999903637
"good, cheap product",Price / Value,"good, cheap product",Negative,0.9997266363093806
Great idea--terrible design!,Build Quality,Great idea--terrible design,Negative,0.9999999999998594
Great translation from print to screen! Worth buying a copy,Price / Value,Worth buying a copy,Negative,0.9999997772504986
"Good value, works as advertised",Price / Value,"Good value, works as advertised",Positive,0.9999412436397812
Great Value for Less Money,Price / Value,Great Value for Less Money,Negative,0.9960504917445642
"Don't waste your time, money, energy on this stinker!",Price / Value,"Don't waste your time, money, energy on this stinker",Negative,1.0
SLOW SHIPPING- WOULD HAVE BEEN EASIER TO DRIVE TO GET THESE,Delivery / Packaging,SLOW SHIPPING- WOULD HAVE BEEN EASIER TO DRIVE TO GET THESE,Negative,0.7415345136390371
Poor Quality Product and Poor Service!,Build Quality,Poor Quality Product and Poor Service,Negative,1.0
Poor Quality Product and Poor Service!,Customer Support,Poor Quality Product and Poor Service,Negative,1.0
Great emergency light/charger,Battery,Great emergency light/charger,Positive,1.0
Cheap Cheap Cheap,Price / Value,Cheap Cheap Cheap,Negative,0.9999999999955975
Wasted Money......,Price / Value,Wasted Money,Negative,0.9999999999999989
Save your time and money,Price / Value,Save your time and money,Negative,0.9999999975435254
"Good DVD Package, Pretty bad movie.",Delivery / Packaging,"Good DVD Package, Pretty bad movie",Negative,0.9969135062967406
Horrible video quality,Build Quality,Horrible video quality,Negative,0.9999999999995852
not worth any money,Price / Value,not worth any money,Negative,0.9997865235122964
A brand worth the price,Price / Value,A brand worth the price,Positive,0.9239065460283291
Westmoreland Identification & Value Guide,Price / Value,Westmoreland Identification & Value Guide,Positive,0.9999978882941605
Not durable at all...move on to another headset,Build Quality,Not durable at all,Negative,0.8964621721689682
Use your money on something else!,Price / Value,Use your money on something else,Negative,0.9999999977510752
Book Quality,Build Quality,Book Quality,Negative,0.9433270594289742
Another quality Siig product.,Build Quality,Another quality Siig product,Negative,0.9853075937195557
Lack power.,Battery,Lack power,Negative,0.9999999976974452
Great Movie at a Great Price!,Price / Value,Great Movie at a Great Price,Positive,0.9999941423614842
"great stockpot, except it arrived shiny not matt",Delivery / Packaging,"great stockpot, except it arrived shiny not matt",Positive,0.9999999652099331
Good pot for the price - heavy,Price / Value,Good pot for the price - heavy,Positive,0.9916947441606397
THE MAN HAS ARRIVED,Delivery / Packaging,THE MAN HAS ARRIVED,Negative,0.7058134124626083
Adorable sand box!!,Delivery / Packaging,Adorable sand box,Positive,0.9997515727594749
cheap phone,Price / Value,cheap phone,Negative,0.999999996402144
Horrible and frustrating waste of money,Price / Value,Horrible and frustrating waste of money,Negative,1.0
No Customer Service,Customer Support,No Customer Service,Negative,0.9998722600849836
Standard version at ultimate price,Price / Value,Standard version at ultimate price,Positive,0.9996805173127286
"Great Story, Awful Video Quality",Build Quality,"Great Story, Awful Video Quality",Negative,0.9999999999920979
"Defective Product, avoid at all cost. Save your frustration!",Price / Value,"Defective Product, avoid at all cost",Negative,1.0
Awesome quality/packaging for 4 movies!,Build Quality,Awesome quality/packaging for 4 movies,Positive,0.9999995781190792
Awesome quality/packaging for 4 movies!,Delivery / Packaging,Awesome quality/packaging for 4 movies,Positive,0.9999995781190792
Sent back for refund,Customer Support,Sent back for refund,Negative,1.0
Ok for the price,Price / Value,Ok for the price,Negative,0.92864665074968
HORRID product. Nightmare customer service.,Customer Support,Nightmare customer service,Negative,0.9999969564530689
Poor sound quality distracts from music,Build Quality,Poor sound quality distracts from music,Negative,0.9999999919193131
expensive but worth it,Price / Value,expensive ... worth it,Negative,0.9973217445775084
Terrific extras and excellent quality,Build Quality,Terrific extras and excellent quality,Positive,0.9999999999999956
Great Coffee POOR QUALITY PRODUCT ! BREAKS OFTEN !,Build Quality,Great Coffee POOR QUALITY PRODUCT,Negative,0.9999999766781474
interesting subject; flawed delivery,Delivery / Packaging,flawed delivery,Negative,0.9999694532489385
BAD CHARGER GOOD PRICE,Battery,BAD CHARGER GOOD PRICE,Positive,0.9179152811542853
BAD CHARGER GOOD PRICE,Price / Value,BAD CHARGER GOOD PRICE,Positive,0.9179152811542853
good support but awkward to put on,Customer Support,good support,Negative,0.9994791674809477
Well worth checking out,Price / Value,Well worth checking out,Positive,0.999999999999992
A Great Testimony to the Power of God,Battery,A Great Testimony to the Power of God,Positive,1.0
Not Representative of 1967,Customer Support,Not Representative of 1967,Negative,0.9999999999999991
Great Price for Good Knives,Price / Value,Great Price for Good Knives,Positive,0.9999998495072486
A box set followed up by greatest hits = more $$$!,Delivery / Packaging,A box set followed up by greatest hits = more $$$,Positive,0.9777379805922657
The cameo by Norm MacDonald alone makes this worth watching,Price / Value,The cameo by Norm MacDonald alone makes this worth watching,Positive,0.9999997860122207
Get your money back!!,Price / Value,Get your money back,Negative,0.9999207789668516
The Film is a Given - But the DVD Quality is Shocking!,Build Quality,the DVD Quality is Shocking,Negative,0.9762347404959808
A Window Into the Future of our Economy and Your Money,Price / Value,A Window Into the Future of our Economy and Your Money,Positive,0.9999999999999987
A quick read but not worth it.,Price / Value,not worth it,Negative,0.721810111928068
So totally worth the money,Price / Value,So totally worth the money,Negative,0.9999812059814054
"Beautiful, Well Made Faucet--Well worth the price",Price / Value,"Beautiful, Well Made Faucet--Well worth the price",Positive,0.9999999946288327
Not worth the price of shipping,Price / Value,Not worth the price of shipping,Positive,0.9058997552373627
Not worth the price of shipping,Delivery / Packaging,Not worth the price of shipping,Positive,0.9058997552373627
Very poor quality makes is practically useless.,Build Quality,Very poor quality makes is practically useless,Negative,1.0
Way too long and not enough new material,Build Quality,Way too long and not enough new material,Negative,0.9999876472765986
Terrible Service,Customer Support,Terrible Service,Negative,0.9999999936003292
Video Quality is TERRIBLE,Build Quality,Video Quality is TERRIBLE,Negative,0.9999999993420476
Fine cheap Saw,Price / Value,Fine cheap Saw,Negative,0.9984003351590481
Wouldn't hold a charge,Battery,Wouldn't hold a charge,Negative,0.9999999999999989
Inferior quality DVD,Build Quality,Inferior quality DVD,Negative,1.0
Power,Battery,Power,Positive,0.7971596377381948
Almost worth the full price...,Price / Value,Almost worth the full price,Positive,0.9654719068976417
"This is about the seller, not the battery.",Battery,"This is about the seller, not the battery",Negative,0.9996754841451047
well worth the money,Price / Value,well worth the money,Negative,0.9927150513096202
Save your money and self respect!,Price / Value,Save your money and self respect,Negative,0.999999999992708
NOT worth buying,Price / Value,NOT worth buying,Negative,0.997538437610853
A complete waste of Money--a total ripoff,Price / Value,A complete waste of Money--a total ripoff,Negative,1.0
"Mono recording of poor quality, seems pirated.",Build Quality,"Mono recording of poor quality, seems pirated",Negative,1.0
Terrible quality!,Build Quality,Terrible quality,Negative,0.9999999984662555
Perfect Design,Build Quality,Perfect Design,Positive,0.9735590509588382
Top Quality but noisy,Build Quality,Top Quality,Positive,0.953998431376921
Too Expensive!,Price / Value,Too Expensive,Negative,0.9927118061348587
I was deeply disappointed in the quality of this book.,Build Quality,I was deeply disappointed in the quality of this book,Negative,0.999999999986918
Better off saving your money,Price / Value,Better off saving your money,Positive,0.8916751477554814
"Not Worth the Money, Even at a Low Price",Price / Value,"Not Worth the Money, Even at a Low Price",Negative,0.9999999620495704
Not worth my time or money,Price / Value,Not worth my time or money,Negative,0.999904303009979
didnt work it was junk in a nice box,Delivery / Packaging,didnt work it was junk in a nice box,Negative,1.0
Great Style - Poor Quality,Build Quality,Great Style - Poor Quality,Negative,0.9999957885036909
"5 star product, minus one for packaging goofs",Delivery / Packaging,"5 star product, minus one for packaging goofs",Negative,0.999999995989046
I WISH I READ THESE REVIEWS BEFORE I WASTED MY MONEY,Price / Value,I WISH I READ THESE REVIEWS BEFORE I WASTED MY MONEY,Negative,1.0
Poor value for money,Price / Value,Poor value for money,Negative,0.9999999671627475
Terrible waste of time and money,Price / Value,Terrible waste of time and money,Negative,1.0
THE pop-metal album,Build Quality,THE pop-metal album,Positive,0.9999976949569799
Flimsy packaging,Delivery / Packaging,Flimsy packaging,Negative,0.9999999999978759
Poor quality pictures,Build Quality,Poor quality pictures,Negative,0.9999999998934008
Awesome cd! Well worth the wait!,Price / Value,Well worth the wait,Positive,0.875397394831917
Worst Charger Ever!,Battery,Worst Charger Ever,Negative,0.9999999094355974
"Not Very Useful Unless You Can Afford to Spend A Lot of Money, Buying a Lot of Tickets Per Game...",Price / Value,"Not Very Useful Unless You Can Afford to Spend A Lot of Money, Buying a Lot of Tickets Per Game",Negative,1.0
With some help from MTV..............,Customer Support,With some help from MTV,Negative,0.9997454756466115
"Save your money . . . bad quality, not DVD worthy!",Price / Value,Save your money,Negative,0.9999999945195628
"Save your money . . . bad quality, not DVD worthy!",Build Quality,"bad quality, not DVD worthy",Negative,0.9999400809305684
CASH MONEY AND NO LIMIT ARE THA SAME THANG!,Price / Value,CASH MONEY AND NO LIMIT ARE THA SAME THANG,Negative,0.9999847895054268
horrible. save your money,Price / Value,save your money,Negative,0.9999999945195628
waste of time and money,Price / Value,waste of time and money,Negative,0.9999999999999691
Not much help...,Customer Support,Not much help,Negative,0.9974484062255333
Tivo Service RIP OFF,Customer Support,Tivo Service RIP OFF,Negative,0.9999917376354787
"Love the gun, but not the shipping time!",Delivery / Packaging,not the shipping time,Negative,0.886868910747661
Buy this book at amazon.co.uk for HALF PRICE!!!,Price / Value,uk for HALF PRICE,Positive,0.5212462252917873
Not worth the money--AT ALL,Price / Value,Not worth the money--AT ALL,Negative,0.9997865235122964
Offensive and cheap - Not appropriate for any children,Price / Value,Offensive and cheap - Not appropriate for any children,Negative,1.0
waste of money for lg dogs,Price / Value,waste of money for lg dogs,Negative,1.0
what a complete waste of time and money,Price / Value,what a complete waste of time and money,Negative,0.9999999999999998
A nice package!,Delivery / Packaging,A nice package,Positive,0.9805867476338003
Dumb movie -- don't waste your money,Price / Value,Dumb movie -- don't waste your money,Negative,1.0
Timmy's Special Delivery,Delivery / Packaging,Timmy's Special Delivery,Negative,0.7755172451919088
Poor quality product,Build Quality,Poor quality product,Negative,0.9999999972273068
"Expensive, but necessary",Price / Value,Expensive,Negative,0.9927118061348587
Response to Range,Customer Support,Response to Range,Negative,0.9834295408646573
EXCELLENT SERVICE WHEN USING AMAZON,Customer Support,EXCELLENT SERVICE WHEN USING AMAZON,Positive,0.9979598365094509
Poor quality and design,Build Quality,Poor quality and design,Negative,0.999999999998338
Battery pack went dead,Battery,Battery pack went dead,Negative,0.999999998697173
Great Looking design but don't be fooled!,Build Quality,Great Looking design,Negative,0.9078465060964305
"Long, Detailed, but Worth the Time Invested to Read",Price / Value,Worth the Time Invested to Read,Positive,0.6445514063504222
"Setup CD not working, and no support!",Customer Support,"Setup CD not working, and no support",Negative,0.9968869644970931
Roc Skincare worth the money?,Price / Value,Roc Skincare worth the money,Negative,0.9997865235122964
great features...poor quality,Build Quality,poor quality,Negative,0.9999999899169606
Durable case,Build Quality,Durable case,Negative,0.6520320041495029
not adequate quality,Build Quality,not adequate quality,Negative,0.9999998799851866
A lot of money for a cup of joe!,Price / Value,A lot of money for a cup of joe,Negative,0.9732675452394768
this is cheap junk,Price / Value,this is cheap junk,Negative,0.9999999999999998
Great price and product,Price / Value,Great price and product,Positive,0.9992639311512526
Good deal on a expensive factory ford part!!!,Price / Value,Good deal on a expensive factory ford part,Positive,0.9999905991494222
Worth reading by anyone,Price / Value,Worth reading by anyone,Positive,0.9742007460964575
"good price, bad product",Price / Value,"good price, bad product",Negative,0.9459665292756004
Looks solidly built but no installation help.,Customer Support,no installation help,Negative,0.9999944494880225
might be a brief admin help book but useless for day to day,Customer Support,might be a brief admin help book,Negative,0.882105428095092
I don't expect it comes without a power adpter!,Battery,I don't expect it comes without a power adpter,Positive,0.9678941159613532
cheap copy of the original edition,Price / Value,cheap copy of the original edition,Negative,0.9999999999474616
The Chosen is worth a little work to understand,Price / Value,The Chosen is worth a little work to understand,Negative,0.999933082153936
Too expensive for a upgrade,Price / Value,Too expensive for a upgrade,Positive,0.5905343002015794
Classic film in a great package,Delivery / Packaging,Classic film in a great package,Positive,0.9999982549751472
Not Compatible - Returned for Refund,Customer Support,Not Compatible - Returned for Refund,Negative,1.0
I want my money back!!!!!,Price / Value,I want my money back,Negative,0.9996286644874032
Quality is lacking,Build Quality,Quality is lacking,Negative,0.9999912843010725
no pictures its a waste of time and money,Price / Value,no pictures its a waste of time and money,Negative,0.9999999999999998
Still worth reading,Price / Value,Still worth reading,Positive,0.9986581873821702
Well worth the time,Price / Value,Well worth the time,Positive,0.8558476024958869
"Typical OXO quality, but keep it out of the dishwasher",Build Quality,Typical OXO quality,Negative,0.9997431858626209
"Excellent diagrams, poor paper quality",Build Quality,"Excellent diagrams, poor paper quality",Negative,1.0
Music excellent - Packaging the worst EVER,Delivery / Packaging,Music excellent - Packaging the worst EVER,Negative,0.9998612035108057
major design flaw,Build Quality,major design flaw,Negative,0.999999999574255
A Low Cost Memory Keeper,Price / Value,A Low Cost Memory Keeper,Positive,0.9999914561514097
Good pill box,Delivery / Packaging,Good pill box,Positive,0.9989944146920857
It was worth a try,Price / Value,It was worth a try,Negative,0.9954612191899372
Doesn't help,Customer Support,Doesn't help,Negative,0.9999946071068879
Damage package how can they even sell something like that.,Delivery / Packaging,Damage package how can they even sell something like that,Negative,1.0
Office Professional 2007...save your money!,Price / Value,save your money,Negative,0.9999999945195628
Worth the effort it might take,Price / Value,Worth the effort it might take,Negative,0.9999336310840161
quality hiking boots in good price!,Build Quality,quality hiking boots in good price,Positive,1.0
quality hiking boots in good price!,Price / Value,quality hiking boots in good price,Positive,1.0
Spend your money better,Price / Value,Spend your money better,Negative,0.9999999999446496
How Annoying! Total waste of money,Price / Value,Total waste of money,Negative,1.0
A Confusing Waste of Plastic,Build Quality,A Confusing Waste of Plastic,Negative,1.0
"Good price, good night.",Price / Value,"Good price, good night",Positive,0.9999744245913414
Dangerous Mail Service,Customer Support,Dangerous Mail Service,Negative,0.9999999999999407
Cheap and dangerous,Price / Value,Cheap and dangerous,Negative,0.999999999992774
This Card is fair - service is really bad,Customer Support,This Card is fair - service is really bad,Negative,0.9999997643877863
Mind boggling design flaws,Build Quality,Mind boggling design flaws,Negative,0.99637378983566
Excellent piece of equipment at a great price,Price / Value,Excellent piece of equipment at a great price,Positive,0.9999999637842447
Good quality attachment for my Bosch vacuum,Build Quality,Good quality attachment for my Bosch vacuum,Positive,1.0
battery backup time,Battery,battery backup time,Negative,0.9996129499749286
worth the buy.,Price / Value,worth the buy,Negative,0.9980444806721832
Flimsy waste of money,Price / Value,Flimsy waste of money,Negative,1.0
"'BRILLIANT COMFORT, SUPPORT AND FIT'",Customer Support,"'BRILLIANT COMFORT, SUPPORT AND FIT'",Positive,0.9996569650320148
The supporting cast alone is worth your time!,Price / Value,The supporting cast alone is worth your time,Positive,0.9996224263404279
Worth watching,Price / Value,Worth watching,Negative,0.9755944003765349
Waste Of Money.,Price / Value,Waste Of Money,Negative,0.9999999999999314
great value.. works with ps3.. PC.. etc..,Price / Value,great value,Positive,0.9998886414081999
Not As High-Quality As Pictured...,Build Quality,Not As High-Quality As Pictured,Negative,0.9999999999973912
Good Product! Fast Service from vendor!,Customer Support,Fast Service from vendor,Positive,0.9999804153120441
Unbeatable Value,Price / Value,Unbeatable Value,Positive,0.9999999999999993
Doesn't work out of the box,Delivery / Packaging,Doesn't work out of the box,Negative,0.9999999699353719
fast shipping and great comunication,Delivery / Packaging,fast shipping and great comunication,Positive,0.9997396164041606
Waste of GeekSquad/My time & Money!,Price / Value,Waste of GeekSquad/My time & Money,Negative,0.9999999999999691
Good price and delivery,Price / Value,Good price and delivery,Positive,0.9985284535183321
Good price and delivery,Delivery / Packaging,Good price and delivery,Positive,0.9985284535183321
"Good Razors, Reasonable Price for Subscribe & Save.",Price / Value,"Good Razors, Reasonable Price for Subscribe & Save",Positive,0.9999999999999596
The cost and ultimate futility of war,Price / Value,The cost and ultimate futility of war,Positive,0.9999975931795383
gillette fusion power,Battery,gillette fusion power,Positive,0.9999803623966761
"Database Processing: Fundamentals, Design and Implementation",Build Quality,"Database Processing: Fundamentals, Design and Implementation",Negative,1.0
"Battery Always Dead - Should be Called a ""Poo Gun""",Battery,"Battery Always Dead - Should be Called a ""Poo Gun""",Negative,1.0
Disapointing for BD quality.,Build Quality,Disapointing for BD quality,Negative,0.9999999999999962
Save your money!! This think is JUNK!,Price / Value,Save your money,Negative,0.9999999945195628
NO SERVICE!!!!!!!!!!!!!!!!!!!!!!!!,Customer Support,NO SERVICE,Negative,0.8882591112136236
Fast Service,Customer Support,Fast Service,Positive,0.9710123133935947
poor quality dvd,Build Quality,poor quality dvd,Negative,0.9999999966766111
"Excellent video quality, but ...",Build Quality,Excellent video quality,Positive,0.9997872711723726
Great collection for a good price,Price / Value,Great collection for a good price,Positive,0.9999999971988447
This pot was broken when it arrived.,Delivery / Packaging,This pot was broken when it arrived,Negative,0.9999999981804524
Heirloom Quality!,Build Quality,Heirloom Quality,Positive,0.9999999999964839
"Maybe OK IF you buy the video, otherwise a waste of money",Price / Value,"Maybe OK IF you buy the video, otherwise a waste of money",Negative,1.0
Damaged in Shipping,Delivery / Packaging,Damaged in Shipping,Negative,1.0
This Book is not worth buying,Price / Value,This Book is not worth buying,Negative,0.9951067603723938
Looks as cheap as the price,Price / Value,Looks as cheap as the price,Negative,0.999552839279573
"Great card, great price",Price / Value,"Great card, great price",Positive,0.9999930826799212
"No support, limited options!",Customer Support,"No support, limited options",Negative,0.9999999992026012
"Timeless classic, durable, affordable, great for whole family!",Build Quality,"Timeless classic, durable, affordable, great for whole family",Positive,1.0
"Timeless classic, durable, affordable, great for whole family!",Price / Value,"Timeless classic, durable, affordable, great for whole family",Positive,1.0
the cheap version,Price / Value,the cheap version,Negative,0.9999972367311765
NW HD1 Replacement Battery,Battery,NW HD1 Replacement Battery,Negative,0.821024063643509
Saroyan & Miller tackle a mildly obscure painter w/his help,Customer Support,Saroyan & Miller tackle a mildly obscure painter w/his help,Positive,1.0
Raffie Box Set of Singable Songs,Delivery / Packaging,Raffie Box Set of Singable Songs,Positive,0.9999999456034204
Great box set!!,Delivery / Packaging,Great box set,Positive,0.9956173413657512
Far too expensive,Price / Value,Far too expensive,Negative,0.9943832812883376
Poor Quality - Waste of Money,Build Quality,Poor Quality - Waste of Money,Negative,1.0
Poor Quality - Waste of Money,Price / Value,Poor Quality - Waste of Money,Negative,1.0
Boring and derivative. I want my money back.,Price / Value,I want my money back,Negative,0.9996286644874032
save yoour money,Price / Value,save yoour money,Negative,0.9999999945195628
A better representation of '80s era metal,Build Quality,A better representation of '80s era metal,Positive,0.9999999998022249
Not a quality product.,Build Quality,Not a quality product,Negative,0.9917777147284127
Watch the shipping cost,Price / Value,Watch the shipping cost,Negative,0.983661462962902
Watch the shipping cost,Delivery / Packaging,Watch the shipping cost,Negative,0.983661462962902
POOR DISK QUALITY,Build Quality,POOR DISK QUALITY,Negative,0.9999999998054327
Battery does not hold charge,Battery,Battery does not hold charge,Negative,0.9999999999735532
Get Fisher-Price Rock-a-Stack instead,Price / Value,Get Fisher-Price Rock-a-Stack instead,Negative,1.0
"Good handle design, poor steel quality",Build Quality,"Good handle design, poor steel quality",Negative,0.9999999999999982
Good design but,Build Quality,Good design,Negative,0.998983418395746
poor quality and design,Build Quality,poor quality and design,Negative,0.999999999998338
"""0"" Zero Stars!!!! Not Worth Your Money!!!!!!!!!",Price / Value,Not Worth Your Money,Negative,0.9997865235122964
"easily broken, sound quality ok",Build Quality,"easily broken, sound quality ok",Negative,1.0
intelligent metal,Build Quality,intelligent metal,Positive,0.9999987327027886
Waste of money and time,Price / Value,Waste of money and time,Negative,0.9999999999999691
Pretty good for the price,Price / Value,Pretty good for the price,Positive,0.9997812979615549
Smart Money Guide To Real Estate Investing,Price / Value,Smart Money Guide To Real Estate Investing,Positive,0.9999955806785389
Do NOT waste your money on this!!!,Price / Value,Do NOT waste your money on this,Negative,0.9999999999999314
Quality media from a well known company!,Build Quality,Quality media from a well known company,Negative,0.9998283101108932
poor quality - no audio in left ear,Build Quality,poor quality - no audio in left ear,Negative,1.0
Low Quality POS,Build Quality,Low Quality POS,Negative,1.0
Expensive Junk!!!!!!!!!!!!!!!!!,Price / Value,Expensive Junk,Negative,0.9999999999999867
Great value - now,Price / Value,Great value - now,Positive,0.9998886414081999
"I did not give it a good review at first however, they promised but did not deliver my money back.",Price / Value,did not deliver my money back,Negative,0.9999949811716218
Good name started producing bad quality,Build Quality,Good name started producing bad quality,Positive,0.9999989206108235
great price,Price / Value,great price,Positive,0.9997974834104703
Great Product--Worth the Extra Money,Price / Value,Great Product--Worth the Extra Money,Negative,0.9351068310418823
works and affordable,Price / Value,works and affordable,Positive,1.0
shipped a very used pajama instead of new one for a value of more than $100.00. Please ship for the value we paid. Be honest.,Price / Value,shipped a very used pajama instead of new one for a value of more than $100 ... Please ship for the value we paid,Negative,0.9999999992997408
Dorman HELP! 38419 Door Hinge Pin and Bushing Kit,Customer Support,Dorman HELP,Negative,0.900479195000189
i need help,Customer Support,i need help,Positive,0.5231213054552479
Great compilation inferior audio quality,Build Quality,Great compilation inferior audio quality,Negative,1.0
Pure junk...worth no stars,Price / Value,worth no stars,Negative,0.9793652541242833
Poor Quality.,Build Quality,Poor Quality,Negative,0.9999999899169606
Poor service,Customer Support,Poor service,Negative,0.9999999579277201
Not worth my $.99,Price / Value,Not worth my $,Negative,0.721810111928068
Just a qualifying note about durability,Build Quality,Just a qualifying note about durability,Negative,0.9996977914069027
Excellent Condition/Service,Customer Support,Excellent Condition/Service,Positive,0.999950625486244
Please don't waste your money!!!!,Price / Value,Please don't waste your money,Negative,1.0
Don't waste your money....,Price / Value,Don't waste your money,Negative,0.9999999999999314
Sincere ly Warning !!! A small piece of plastic in your coffee every time you make a cup,Build Quality,A small piece of plastic in your coffee every time you make a cup,Negative,0.9999999840584783
Quality and Repair service is Horrible,Build Quality,Quality and Repair service is Horrible,Negative,1.0
Quality and Repair service is Horrible,Customer Support,Quality and Repair service is Horrible,Negative,1.0
"Fascinating, enaging simulation, atrocious customer service",Customer Support,"Fascinating, enaging simulation, atrocious customer service",Negative,0.9999998669044936
"Not the same as the movie, but still worth reading.",Price / Value,still worth reading,Positive,0.9986581873821702
"Best price, favorite razor",Price / Value,"Best price, favorite razor",Positive,0.9999999997716944
"WAY too expensive, but...",Price / Value,WAY too expensive,Negative,0.998114051068517
This Box has 17 and not 16 DVDs - Episode Sequence,Delivery / Packaging,This Box has 17 and not 16 DVDs - Episode Sequence,Negative,0.9963300041903055
better off investing in a more expensive fan,Price / Value,better off investing in a more expensive fan,Negative,0.9921055927140799
Lifetime of unreplacable battery: just beyond 1 yr warranty,Battery,Lifetime of unreplacable battery: just beyond 1 yr warranty,Negative,0.9999999999999825
Money Lost!,Price / Value,Money Lost,Negative,0.9999964038439243
Tasty and cheap,Price / Value,Tasty and cheap,Positive,0.7951447950905749
"Awesome product, fast deliverary, great service:)",Customer Support,"Awesome product, fast deliverary, great service:)",Positive,0.9999999999332039
Great material! Lousy remastering job. Buy the old releases.,Build Quality,Great material,Negative,0.7254362337339328
Good quality glass and mount,Build Quality,Good quality glass and mount,Positive,0.9999999890071988
Version 2 is worth 5 stars!,Price / Value,Version 2 is worth 5 stars,Negative,0.9999649088472268
Parker and Stone make more money without doing anything new.,Price / Value,Parker and Stone make more money without doing anything new,Negative,0.9999975666458496
"Great toy, I like it, except for battery life",Battery,"Great toy, I like it, except for battery life",Positive,0.9736967445075508
When You Ride Alone You Still Ride with Bin Laden: What the Government Should Be Telling Us to Help Fight the War on Terrorism -,Customer Support,When You Ride Alone You Still Ride with Bin Laden: What the Government Should Be Telling Us to Help Fight the War on Terrorism -,Positive,0.9896944472489569
Do not waste your money,Price / Value,Do not waste your money,Negative,0.9999999999999314
Support Company out of business,Customer Support,Support Company out of business,Negative,0.999999658276413
Not Commercial Quality,Build Quality,Not Commercial Quality,Negative,0.9999470697639716
amazon service way below par,Customer Support,amazon service way below par,Negative,0.999999999875351
hate the new bottles/higher cost,Price / Value,hate the new bottles/higher cost,Negative,0.9999999999999971
ZZZZZZZZ.........save your money,Price / Value,save your money,Negative,0.9999999945195628
help finding a mate for gay friend? DUMB BOOK,Customer Support,help finding a mate for gay friend,Negative,0.9999999991860111
Great phones but too fragile. And the price went up!,Price / Value,And the price went up,Negative,0.9811001473070368
Great boot for the price,Price / Value,Great boot for the price,Positive,0.999998840336222
cheap,Price / Value,cheap,Negative,0.9998303218514967
Save your money,Price / Value,Save your money,Negative,0.9999999945195628
Seamingly poor quality,Build Quality,Seamingly poor quality,Negative,0.9999999899169606
Sansaview 8 GB doesnt support 8GB external MicroSd card even with the latest F/W.,Customer Support,Sansaview 8 GB doesnt support 8GB external MicroSd card even with the latest F/W,Negative,0.9999999999999998
Cozy - great price,Price / Value,Cozy - great price,Positive,0.9999999780204434
cheap cheap cheap...,Price / Value,cheap cheap cheap,Negative,0.9999999999955975
Design confuses some into burning kettle,Build Quality,Design confuses some into burning kettle,Negative,0.9999997871782473
worth the cost,Price / Value,worth the cost,Negative,0.7639978892373295
I want My Money Back,Price / Value,I want My Money Back,Negative,0.9996286644874032
A big design defect,Build Quality,A big design defect,Negative,0.9999999999997664
"Great printer, but HP refuses to support Vista (or XP 64-bit)",Customer Support,HP refuses to support Vista (or XP 64-bit),Negative,0.999999999999998
Help! This was not a good book!,Customer Support,Help,Negative,0.8079871621346206
A movie worth watching!,Price / Value,A movie worth watching,Negative,0.9832126551196742
Tami can help you.,Customer Support,Tami can help you,Negative,0.8079871621346206
Don't be fooled by price & description.,Price / Value,Don't be fooled by price & description,Negative,0.9999999990186688
Not worth the money,Price / Value,Not worth the money,Negative,0.9997865235122964
Sexy but cheap,Price / Value,cheap,Negative,0.9998303218514967
Waste of Money,Price / Value,Waste of Money,Negative,0.9999999999999314
Definitely not worth the price,Price / Value,Definitely not worth the price,Positive,0.9959687290268799
Waste of Money and Time,Price / Value,Waste of Money and Time,Negative,0.9999999999999691
Do Not Waste Money On The Blu-ray version,Price / Value,Do Not Waste Money On The Blu-ray version,Negative,0.9999999999999996
Money as Sacrament-,Price / Value,Money as Sacrament-,Negative,0.9994165960678958
"Cheap, and You Get What You Pay For",Price / Value,"Cheap, and You Get What You Pay For",Negative,0.9999999929632877
"Great quality, small New Testament and Psalms and Proverbs",Build Quality,"Great quality, small New Testament and Psalms and Proverbs",Positive,1.0
Help,Customer Support,Help,Negative,0.8079871621346206
Awesome for the Price,Price / Value,Awesome for the Price,Positive,0.999999999680081
wrong item sent/can't get a response,Customer Support,wrong item sent/can't get a response,Negative,0.9999999999999991
Winchester is good quality,Build Quality,Winchester is good quality,Negative,0.8498692702723925
failure fresh out of the box,Delivery / Packaging,failure fresh out of the box,Negative,0.9999999916616754
Not Worth Reading,Price / Value,Not Worth Reading,Positive,0.9354958860389128
"Fast Delivery, good product",Delivery / Packaging,"Fast Delivery, good product",Positive,0.9981421919870591
Great quality...short life...didn't last long,Build Quality,Great quality,Positive,0.6043497713641087
COLDHEAT Glue Gun Battery Life Blows,Battery,COLDHEAT Glue Gun Battery Life Blows,Negative,0.9999999999999971
Very Expensive Sports Bra,Price / Value,Very Expensive Sports Bra,Positive,0.9815494873300453
great price for a great item,Price / Value,great price for a great item,Positive,0.998166009244826
Very poor quality,Build Quality,Very poor quality,Negative,0.9999999899169606
Amazingly nice for the price! Works great!,Price / Value,Amazingly nice for the price,Positive,0.9999999999817437
Nice quality...,Build Quality,Nice quality,Positive,0.6538148563822368
Don't waste our money.,Price / Value,Don't waste our money,Negative,0.9999999999999314
Very small and cheap,Price / Value,Very small and cheap,Negative,0.9999969207198927
great buy for the cost,Price / Value,great buy for the cost,Negative,0.8213392160712158
Great Product--Great Quality,Build Quality,Great Product--Great Quality,Positive,0.9551191387714302
A timeless classic at an inexpensive price,Price / Value,A timeless classic at an inexpensive price,Positive,1.0
Fine if you don't use much power...,Battery,Fine if you don't use much power,Negative,0.951916829816855
"Cheap media, poor compatibility and reliability",Price / Value,"Cheap media, poor compatibility and reliability",Negative,1.0
Not solid plastic,Build Quality,Not solid plastic,Positive,0.9999885670567328
maybe the worst looking blu ray I own....what a waste of money!,Price / Value,what a waste of money,Negative,0.9999999999999314
Save You're Money,Price / Value,Save You're Money,Negative,0.999999994567172
Just rating the quality.,Build Quality,Just rating the quality,Negative,0.999999501742477
"Dont buy this item ,, not worth the chance...",Price / Value,"Dont buy this item ,, not worth the chance",Negative,0.9999999999994671
Great service!,Customer Support,Great service,Positive,0.8643801528112243
Poor Quality! Didn't last long...,Build Quality,Poor Quality,Negative,0.9999999899169606
the pieces are hollow and cheap feeling.,Price / Value,the pieces are hollow and cheap feeling,Negative,1.0
Quality on a Downhill Slide,Build Quality,Quality on a Downhill Slide,Negative,1.0
Scotch Box Sealing Tape Dispenser H180,Delivery / Packaging,Scotch Box Sealing Tape Dispenser H180,Positive,0.9999999999993952
A very fine piece of heavy metal art,Build Quality,A very fine piece of heavy metal art,Positive,0.613462911582614
"""Is he doing this just for money?"" ""Probably""",Price / Value,"""Is he doing this just for money",Negative,0.9992839133162589
Save your money - This is not Erotica,Price / Value,Save your money - This is not Erotica,Negative,0.9999999997807747
Definetely worth the buy,Price / Value,Definetely worth the buy,Negative,0.9990896025219447
more than worth it,Price / Value,more than worth it,Negative,0.721810111928068
The Treats that keep on giving and giving You need to let people know on the package how long they are...,Delivery / Packaging,The Treats that keep on giving and giving You need to let people know on the package how long they are,Positive,0.5782768824875004
Well worth a listen.,Price / Value,Well worth a listen,Positive,0.998997314149081
"Sturdy, Reliable, Strong Value",Price / Value,"Sturdy, Reliable, Strong Value",Positive,0.9999999998611626
Not durable for a dedicated chewer,Build Quality,Not durable for a dedicated chewer,Negative,0.9999999999999987
Flawed design; get the OXO Soap Pump Palm Brush instead,Build Quality,Flawed design,Negative,0.9999999957633776
A Waste of Money and Time,Price / Value,A Waste of Money and Time,Negative,0.9999999999999691
THE PRICE IS RIGHT...,Price / Value,THE PRICE IS RIGHT,Positive,0.9842339778608471
No Battery Life,Battery,No Battery Life,Positive,0.5646962096216633
Stupid design,Build Quality,Stupid design,Negative,0.9999999999890001
Durability issues,Build Quality,Durability issues,Negative,0.9999883594693316
Awesome quality control...,Build Quality,Awesome quality control,Positive,0.9995316775202859
This remastered version is actually a step backwards in sound quality!,Build Quality,This remastered version is actually a step backwards in sound quality,Negative,1.0
The Extra suff is worth the price.,Price / Value,The Extra suff is worth the price,Positive,0.9987987314717499
Not worth reading,Price / Value,Not worth reading,Positive,0.9354958860389128
Excellent tool to help your child learn their letter sounds,Customer Support,Excellent tool to help your child learn their letter sounds,Positive,1.0
Customer Support is a Disaster,Customer Support,Customer Support is a Disaster,Negative,1.0
Very nice and the price is right.,Price / Value,Very nice and the price is right,Positive,0.9997443568046046
Blu-ray quality same as upconverted DVD,Build Quality,Blu-ray quality same as upconverted DVD,Negative,0.9958665878896985
Ultra-bad sound quality,Build Quality,Ultra-bad sound quality,Negative,0.9999999993003079
Help!,Customer Support,Help,Negative,0.8079871621346206
"Great idea, poor design",Build Quality,"Great idea, poor design",Negative,0.9999999999990754
Unfortunate Waste of Money,Price / Value,Unfortunate Waste of Money,Negative,1.0
iBook/Powerbook Power Adapter,Battery,iBook/Powerbook Power Adapter,Negative,0.9252891711815924
Right on the Money!,Price / Value,Right on the Money,Negative,0.9996261526750277
Worst quality I've seen in a long time,Build Quality,Worst quality I've seen in a long time,Negative,0.9999999999999192
Poor support from Plasplugs,Customer Support,Poor support from Plasplugs,Negative,0.999999999970256
It was a waste of money and time.,Price / Value,It was a waste of money and time,Negative,0.9999999999999691
Excellent Blu-ray Quality,Build Quality,Excellent Blu-ray Quality,Positive,0.9997815182268094
Reagan Service at the National Cathedral,Customer Support,Reagan Service at the National Cathedral,Positive,0.9999999999999993
Very nice quality.,Build Quality,Very nice quality,Positive,0.6538148563822368
very poor quality fall apart pajamas,Build Quality,very poor quality fall apart pajamas,Negative,1.0
Worth the $?,Price / Value,Worth the $,Negative,0.721810111928068
A great addition to your studying material,Build Quality,A great addition to your studying material,Positive,0.9999999999999944
Nars Orgasm Lip Gloss...save your money,Price / Value,save your money,Negative,0.9999999945195628
It's a little more than Do Matcha but worth the money!,Price / Value,worth the money,Negative,0.9997865235122964
Well worth the cost!,Price / Value,Well worth the cost,Positive,0.9139158201231974
Alterna-Metal ExtraOrdinaires!,Build Quality,Alterna-Metal ExtraOrdinaires,Positive,0.9930137366694305
Package fine; pan bent or warped and they shipped it anyway!,Delivery / Packaging,Package fine,Positive,0.9412022596628274
Movie: 4/5 Picture Quality: 2.75/5 Sound Quality: 3.25/5 Extras: 3.5/5,Build Quality,Movie: 4/5 Picture Quality: 2 ... 75/5 Sound Quality: 3,Negative,0.9999997805921115
Great customer service,Customer Support,Great customer service,Negative,0.9935688424018965
"Great hat, poor service.",Customer Support,"Great hat, poor service",Negative,0.9999989425657148
Broken out of the box,Delivery / Packaging,Broken out of the box,Negative,0.9999999880860605
Great Cheap Condoms,Price / Value,Great Cheap Condoms,Negative,0.9960171869443946
horrible quality,Build Quality,horrible quality,Negative,0.999999999999033
Not quite the quality I have had in the past,Build Quality,Not quite the quality I have had in the past,Positive,0.9179009219460733
Good price,Price / Value,Good price,Positive,0.9982515708444051
Time and Money Wasted,Price / Value,Time and Money Wasted,Negative,0.9999999999999996
"toe-tapping, crackingly tight poppy metal with a dash of weird",Build Quality,"toe-tapping, crackingly tight poppy metal with a dash of weird",Negative,0.9999998223193092
Panasonic Digital Camera Battery,Battery,Panasonic Digital Camera Battery,Negative,0.9930410668155942
"Fantastic book, absurd price (Kindle edition)",Price / Value,"Fantastic book, absurd price (Kindle edition)",Negative,0.998196458842251
"Good quality, but no fraction support",Build Quality,Good quality,Negative,0.8498692702723925
"Good quality, but no fraction support",Customer Support,no fraction support,Positive,0.9999999999176872
Price EXTREMELY Inflated,Price / Value,Price EXTREMELY Inflated,Negative,0.9995712135844025
"Waste of money, unless you like wet carpeting in your car",Price / Value,"Waste of money, unless you like wet carpeting in your car",Negative,1.0
Don't waste tour money,Price / Value,Don't waste tour money,Negative,0.9999999999997868
Beware!! There is a serious design flaw with this model,Build Quality,There is a serious design flaw with this model,Negative,0.999999999988596
Recycle but Worth the Read for Die Hard Fans,Price / Value,Worth the Read for Die Hard Fans,Positive,0.6517746641457173
A little plastic with your coffee?,Build Quality,A little plastic with your coffee,Negative,0.9999402785973471
Too cheap at any price,Price / Value,Too cheap at any price,Negative,0.9845481487207279
Usually Garmin gives value for money....,Price / Value,Usually Garmin gives value for money,Negative,0.9988372768675559
"Two books for the price of one? Nope, just one book.",Price / Value,Two books for the price of one,Positive,0.992377383635172
"Good quality, good looking pants",Build Quality,"Good quality, good looking pants",Positive,0.9994734911657752
Quality Chess Set - Nice bag,Build Quality,Quality Chess Set - Nice bag,Positive,0.9999999914950463
Zounds! One is all it's worth,Price / Value,One is all it's worth,Negative,0.5698165744858618
Turtle Power!,Battery,Turtle Power,Positive,0.9998330936247567
Very Good Telephoto zoom for the money,Price / Value,Very Good Telephoto zoom for the money,Positive,0.999999999999994
"Awful Game, Awful Support, 2 many bugs",Customer Support,"Awful Game, Awful Support, 2 many bugs",Negative,1.0
This book is a waste of time and money,Price / Value,This book is a waste of time and money,Negative,0.9999999999999387
"Great Show, Very Poor Quality DVD",Build Quality,"Great Show, Very Poor Quality DVD",Negative,0.9999990691406583
good set with incredible price,Price / Value,good set with incredible price,Positive,0.9999999997522162
Great LED nightlight. Cheap to run and last forever.,Price / Value,Cheap to run and last forever,Negative,0.9995720060754261
Not worth it for tummy time.,Price / Value,Not worth it for tummy time,Negative,0.8526974073840152
Unbelieveably slow service,Customer Support,Unbelieveably slow service,Negative,0.999983893937171
RIGHT ON THE MONEY!,Price / Value,RIGHT ON THE MONEY,Negative,0.9996261526750277
Outdated Material,Build Quality,Outdated Material,Negative,0.9999999993314976
Save Your Money!!!,Price / Value,Save Your Money,Negative,0.9999999945195628
"Support Ice, Snoop, Joe and Pun but not with this one here!",Customer Support,"Support Ice, Snoop, Joe and Pun",Negative,0.9999999999999989
Good value for money,Price / Value,Good value for money,Negative,0.6348005474764302
HBO GETS YOUR MONEY TWO WAYS!,Price / Value,HBO GETS YOUR MONEY TWO WAYS,Negative,0.9999999044994676
DONT WASTE MONEY & TIME,Price / Value,DONT WASTE MONEY & TIME,Negative,1.0
WOW for the price!,Price / Value,WOW for the price,Positive,0.9996525330680782
Disappointing value,Price / Value,Disappointing value,Negative,0.9999970468865939
Not a quality watch...,Build Quality,Not a quality watch,Negative,0.9978094550845867
GIrl Power!,Battery,GIrl Power,Positive,0.9993690304410007
Poor battery replacement,Battery,Poor battery replacement,Negative,0.9999999270941564
Bad rating for bad quality,Build Quality,Bad rating for bad quality,Negative,0.999999999999934
Material failure,Build Quality,Material failure,Negative,0.9999999999999649
Does not support 3 prongs,Customer Support,Does not support 3 prongs,Negative,1.0
Very thin material,Build Quality,Very thin material,Negative,0.9999999300477325
OXO Quality,Build Quality,OXO Quality,Negative,0.989152203750758
"good looking unit, but not a good design",Build Quality,not a good design,Negative,0.998983418395746
"If you have this kind of money to play with, who needs comp?",Price / Value,"If you have this kind of money to play with, who needs comp",Negative,0.9999996728306602
Terible - plastic split in half after less than 3 months,Build Quality,Terible - plastic split in half after less than 3 months,Negative,1.0
metal will break within a year,Build Quality,metal will break within a year,Negative,0.9999982314717519
Good Value Marking Guage,Price / Value,Good Value Marking Guage,Positive,1.0
quick delivery,Delivery / Packaging,quick delivery,Positive,0.9998888820540736
Disappointing production quality,Build Quality,Disappointing production quality,Negative,0.9999999999721454
production value Scars,Price / Value,production value Scars,Positive,0.8204614517453802
Creative and good quality,Build Quality,Creative and good quality,Positive,0.995025501967358
good quality clamps,Build Quality,good quality clamps,Negative,0.8498692702723925
Poor Product Support,Customer Support,Poor Product Support,Negative,0.9999999999918208
Tabs are very cheap,Price / Value,Tabs are very cheap,Negative,0.9999998520891774
Not worth it...,Price / Value,Not worth it,Negative,0.721810111928068
Insanely Expensive,Price / Value,Insanely Expensive,Negative,0.9965972440468268
Awful video duplication quality kills a great season.,Build Quality,Awful video duplication quality kills a great season,Negative,1.0
Nice Quality,Build Quality,Nice Quality,Positive,0.6538148563822368
"Nice concept, horrible design",Build Quality,"Nice concept, horrible design",Negative,0.9999999999999998
"Noisy, Busy, Waste of money",Price / Value,"Noisy, Busy, Waste of money",Negative,0.9999999999999993
Every review of value.,Price / Value,Every review of value,Positive,0.9999999453986029
"while the item seems high quality, it fails early.",Build Quality,"the item seems high quality, it fails early",Negative,0.9999999702468612
Value For Money,Price / Value,Value For Money,Negative,0.9105937504868932
Good delivery,Delivery / Packaging,Good delivery,Positive,0.8800586087880206
BEWARE OF RIP-OFF SHIPPING,Delivery / Packaging,BEWARE OF RIP-OFF SHIPPING,Negative,0.9999999999999936
Nice low-cost option. Very pleased.,Price / Value,Nice low-cost option,Negative,0.9999707481643302
High Quality CSI,Build Quality,High Quality CSI,Positive,0.9999979797696884
Coffee Table Book - good for ideas but no plans or detailed design,Build Quality,no plans or detailed design,Negative,0.9401491538276564
Great for the price!,Price / Value,Great for the price,Positive,0.9997974834104703
Good Deal and Fast Shipping,Delivery / Packaging,Good Deal and Fast Shipping,Positive,0.9999932711991244
Too bad Amazon can't help out students,Customer Support,Too bad Amazon can't help out students,Positive,0.7126926991470773
good price... questionable quality,Price / Value,good price,Positive,0.9982515708444051
good price... questionable quality,Build Quality,questionable quality,Negative,0.9999998957393528
$25K warranty isn't included in packaging or at APC site,Delivery / Packaging,$25K warranty isn't included in packaging or at APC site,Negative,1.0
Great Value Priced CD,Price / Value,Great Value Priced CD,Positive,0.9999597195015645
"Colorful, durable AND educational!",Build Quality,"Colorful, durable AND educational",Positive,0.9999999999999998
great price and great product,Price / Value,great price and great product,Positive,0.9999854613919872
great material for children,Build Quality,great material for children,Negative,0.5641512997476218
Worth the money...,Price / Value,Worth the money,Negative,0.9997865235122964
Great value & quality,Build Quality,Great value & quality,Positive,0.9961228238446875
Great value & quality,Price / Value,Great value & quality,Positive,0.9961228238446875
terrible- Zero Stars- i want a refund!,Customer Support,terrible- Zero Stars- i want a refund,Negative,1.0
they help,Customer Support,they help,Negative,0.8079871621346206
Worth a try,Price / Value,Worth a try,Negative,0.9954612191899372
Not worth the Money,Price / Value,Not worth the Money,Negative,0.9997865235122964
Arrived defective,Delivery / Packaging,Arrived defective,Negative,0.999999999988243
great books for a great price!,Price / Value,great books for a great price,Positive,0.9999995711929253
"It is horrible, not worth reading",Price / Value,"It is horrible, not worth reading",Negative,0.9999999995348299
BabyLounge.com gives A Special Delivery 4 pacifiers (of 5),Delivery / Packaging,com gives A Special Delivery 4 pacifiers (of 5),Positive,0.9886932258819392
Good deal & looks ok online - UGLY when it arrived,Delivery / Packaging,Good deal & looks ok online - UGLY when it arrived,Negative,0.9999999999968971
Great quality for the price!!,Build Quality,Great quality for the price,Positive,0.9929706442718514
Great quality for the price!!,Price / Value,Great quality for the price,Positive,0.9929706442718514
Crap book. Total waste of money,Price / Value,Total waste of money,Negative,1.0
Inflated Price,Price / Value,Inflated Price,Negative,0.9975341176776718
"Big, Fat, Stupid, FUN! (The cameo's alone are worth it.)",Price / Value,(The cameo's alone are worth it,Positive,0.9999958167045437
Awful Quality,Build Quality,Awful Quality,Negative,0.9999999999999705
"Fast shipping, great condition",Delivery / Packaging,"Fast shipping, great condition",Positive,0.999412456188693
No extended editions - a waste of money,Price / Value,No extended editions - a waste of money,Negative,1.0
"Great Speakers, Great Price",Price / Value,"Great Speakers, Great Price",Positive,0.9999999680671953
Does not have movies advertised on box!,Delivery / Packaging,Does not have movies advertised on box,Negative,0.9505733369192292
good musical quality ruined by foul lyrics,Build Quality,good musical quality ruined by foul lyrics,Negative,1.0
Loose design leads to falling board,Build Quality,Loose design leads to falling board,Negative,0.9999999882099412
Cheaply made and NOT worth the money!!!,Price / Value,Cheaply made and NOT worth the money,Negative,1.0
A Total Waste Of Money,Price / Value,A Total Waste Of Money,Negative,1.0
excellent value,Price / Value,excellent value,Positive,0.9999999844722289
"This Need a Update! Very Expensive, not good package!",Price / Value,"Very Expensive, not good package",Negative,0.9681293768017124
"This Need a Update! Very Expensive, not good package!",Delivery / Packaging,"Very Expensive, not good package",Negative,0.9681293768017124
Great case for the price,Price / Value,Great case for the price,Positive,0.9999561644742097
"cheep effects, not worth buying at all",Price / Value,"cheep effects, not worth buying at all",Negative,1.0
MUSIC WORTH BUYING!,Price / Value,MUSIC WORTH BUYING,Negative,0.9611555232979004
Battery didn't fit phone properly and would not charge,Battery,Battery didn't fit phone properly and would not charge,Negative,1.0
Very poor DVD Quality,Build Quality,Very poor DVD Quality,Negative,0.9999999966766111
This time it has worse quality,Build Quality,This time it has worse quality,Negative,0.9999999999999036
don't waste your money!,Price / Value,don't waste your money,Negative,0.9999999999999314
DVD Extras Help You Plan Your Trip,Customer Support,DVD Extras Help You Plan Your Trip,Positive,0.9999999515809793
"This product Suck, lost my money",Price / Value,"This product Suck, lost my money",Negative,0.99999999999967
Battery doesn't last a long time!,Battery,Battery doesn't last a long time,Negative,0.9999999988348081
A lot of promise but no delivery,Delivery / Packaging,no delivery,Positive,0.5560006131879451
Money well spent.,Price / Value,Money well spent,Negative,0.9728570987255367
Very good quality case,Build Quality,Very good quality case,Negative,0.5505863737809508
Nice quality leggings,Build Quality,Nice quality leggings,Negative,0.5162878707834659
Finally - the complete package!,Delivery / Packaging,Finally - the complete package,Positive,0.9995612824906842
Strong Battery and Extremely Reliable,Battery,Strong Battery and Extremely Reliable,Positive,0.8688887194797862
horrible customer service. horrible,Customer Support,horrible customer service,Negative,0.999999999999996
Not a good design,Build Quality,Not a good design,Negative,0.998983418395746
Good quality simple backpack,Build Quality,Good quality simple backpack,Positive,0.9999998905310881
Cheap Rip Off,Price / Value,Cheap Rip Off,Negative,0.9999999999963836
Amazon Service,Customer Support,Amazon Service,Negative,0.9989610320376946
Waterpik TRS-553 Does the job but useless flow and miserable plastic cord,Build Quality,useless flow and miserable plastic cord,Negative,1.0
"Levi quality, Amazon selection!",Build Quality,"Levi quality, Amazon selection",Negative,0.8973596811253378
Not the normal quality for an OXO product,Build Quality,Not the normal quality for an OXO product,Negative,0.6759329138103849
Disappointed with quality,Build Quality,Disappointed with quality,Negative,0.9999999963732189
POOR quality,Build Quality,POOR quality,Negative,0.9999999899169606
Bad pressing quality,Build Quality,Bad pressing quality,Negative,1.0
"Great, Brutal Nordic Metal",Build Quality,"Great, Brutal Nordic Metal",Positive,1.0
"As the first SF film that tried to be good, it's worth watching, but judged on its own, it's stiff, shallow and SLOW.",Price / Value,"As the first SF film that tried to be good, it's worth watching",Negative,0.9924638537885674
"Great price, Great movie, quick shipping",Price / Value,"Great price, Great movie, quick shipping",Positive,0.9999999969819711
"Great price, Great movie, quick shipping",Delivery / Packaging,"Great price, Great movie, quick shipping",Positive,0.9999999969819711
Attravtive but poor construction and flawed.,Build Quality,poor construction and flawed,Negative,1.0
Not Their Best but Well Worth the Money,Price / Value,Well Worth the Money,Negative,0.9927150513096202
Cheap & Tawdry,Price / Value,Cheap & Tawdry,Negative,0.9998303218514967
Not worth it!!,Price / Value,Not worth it,Negative,0.721810111928068
Good value for the listed price,Price / Value,Good value for the listed price,Positive,0.8662489654949405
"Good sound, bad quality.",Build Quality,"Good sound, bad quality",Negative,0.9999968551255973
some trobles w/ power supply (my fault),Battery,some trobles w/ power supply (my fault),Negative,0.9994498309262634
"So far, it's not worth $...",Price / Value,"So far, it's not worth $",Negative,0.771296882187036
Rocket Power Beach Bandits,Battery,Rocket Power Beach Bandits,Negative,0.9999914626165521
"GREAT BED, GREAT PRICE",Price / Value,"GREAT BED, GREAT PRICE",Positive,0.9999999818628148
This thing SUCKS! I went through 3 of them!!! Waste of money. Do NOT buy this,Price / Value,Waste of money,Negative,0.9999999999999314
Canon Battery for Power Shot Camera,Battery,Canon Battery for Power Shot Camera,Positive,0.7859978947315265
I want my money back,Price / Value,I want my money back,Negative,0.9996286644874032
Less one star due to price,Price / Value,Less one star due to price,Negative,0.9998288206032133
Quality,Build Quality,Quality,Negative,0.9707336906682964
Not Audrey quality acting!!!!!!!!!,Build Quality,Not Audrey quality acting,Negative,1.0
great low cost quality,Build Quality,great low cost quality,Negative,0.999688646073144
great low cost quality,Price / Value,great low cost quality,Negative,0.999688646073144
"No frills, no thrills, just the right price.",Price / Value,"No frills, no thrills, just the right price",Positive,1.0
Great service on defective amplifier,Customer Support,Great service on defective amplifier,Negative,0.9999986777288952
Package in damaged condition,Delivery / Packaging,Package in damaged condition,Negative,1.0
A total waste of time and money,Price / Value,A total waste of time and money,Negative,1.0
Big Build-up for Nothing,Build Quality,Big Build-up for Nothing,Negative,0.9999998917161124
Awful Service,Customer Support,Awful Service,Negative,0.999999999999877
thought this was a PRIME purchase too slow and cost too high,Price / Value,thought this was a PRIME purchase too slow and cost too high,Negative,0.9999994983940577
Really cheap ear cushions,Price / Value,Really cheap ear cushions,Negative,0.9999999560895491
"Johnny Depp is the definition of ""The Total Package""",Delivery / Packaging,"Johnny Depp is the definition of ""The Total Package""",Positive,0.9999999217090253
"Lack of customer support, flimsy stylus",Customer Support,"Lack of customer support, flimsy stylus",Negative,1.0
Overpriced shipping,Delivery / Packaging,Overpriced shipping,Negative,0.9999959396920315
Brilliant DVD package to match the movie,Delivery / Packaging,Brilliant DVD package to match the movie,Positive,0.99643247083554
Not Durable,Build Quality,Not Durable,Negative,0.8964621721689682
For vb programmer beginner with lot of money to spend,Price / Value,For vb programmer beginner with lot of money to spend,Negative,0.9999999999999614
not worth the time and money,Price / Value,not worth the time and money,Negative,0.999904303009979
Cost of the Kindle version,Price / Value,Cost of the Kindle version,Negative,0.9999978660853351
Battery and screen suck,Battery,Battery and screen suck,Negative,0.9999999999927296
Customers Service!!!,Customer Support,Customers Service,Negative,0.99999949922887
Effects can't help this disaster,Customer Support,Effects can't help this disaster,Negative,0.9999999999999933
TERRIBLE SEEDS THAT PRODUCE MOLD AND LOW QUALITY WHEATGRASS,Build Quality,TERRIBLE SEEDS THAT PRODUCE MOLD AND LOW QUALITY WHEATGRASS,Negative,1.0
Pedal To The Metal,Build Quality,Pedal To The Metal,Positive,0.9999999324576846
"Tough reading, but worth the effort!",Price / Value,worth the effort,Negative,0.960349238705477
Good Value Optical Mouse,Price / Value,Good Value Optical Mouse,Positive,0.9999886397908123
"Promising premise, disappointing and remarkably dour delivery",Delivery / Packaging,"Promising premise, disappointing and remarkably dour delivery",Negative,1.0
Always liked this movie but poor video quality,Build Quality,poor video quality,Negative,0.9999999956745349
Power Wrapper not a durable machine.,Battery,Power Wrapper not a durable machine,Negative,0.9999999999999993
Power Wrapper not a durable machine.,Build Quality,Power Wrapper not a durable machine,Negative,0.9999999999999993
Very poor quality!,Build Quality,Very poor quality,Negative,0.9999999899169606
"Nice box, needs better documentation",Delivery / Packaging,"Nice box, needs better documentation",Negative,0.9485975128885671
Atrocious quality,Build Quality,Atrocious quality,Negative,0.9999999999982776
A complete and total waste of time and money!,Price / Value,A complete and total waste of time and money,Negative,1.0
Poor Construction,Build Quality,Poor Construction,Negative,0.9999999999976439
Not worth the paper it's written on,Price / Value,Not worth the paper it's written on,Negative,0.999998804649209
Support rod broke,Customer Support,Support rod broke,Negative,0.9999999999999938
BATTERY CHARGER,Battery,BATTERY CHARGER,Negative,0.7029717167837104
"BATTERY DIED, BUY A SMALL CORDED HEDGE TRIMMER.",Battery,"BATTERY DIED, BUY A SMALL CORDED HEDGE TRIMMER",Negative,1.0
Not new and does not hold the charge,Battery,Not new and does not hold the charge,Negative,0.9999999830838758
Good quality but weird design,Build Quality,Good quality ... weird design,Negative,0.9999996573184231
Worth it if you are reading the series...even if you dont.,Price / Value,Worth it if you are reading the series,Positive,0.9977907217004512
Good for the money,Price / Value,Good for the money,Negative,0.9965912943733701
Poor Quality Product,Build Quality,Poor Quality Product,Negative,0.9999999972273068
Unfortunately the product was damaged(Seal Opened) upon delivery!!,Delivery / Packaging,Unfortunately the product was damaged(Seal Opened) upon delivery,Negative,1.0
"total garbage, dont waste your money",Price / Value,"total garbage, dont waste your money",Negative,1.0
Just a Compilation of Ideas No Real Value,Price / Value,Just a Compilation of Ideas No Real Value,Positive,0.9995355300725765
just wasn't worth it,Price / Value,just wasn't worth it,Negative,0.9999998231990688
Horrible Router and Support,Customer Support,Horrible Router and Support,Negative,0.9999999999998606
Defect...Cuff Pump...Poor Warranty...Cheap Company...,Price / Value,Cheap Company,Negative,0.9999999715363687
Big waste of money. Nothing in book that everyone does not already know,Price / Value,Big waste of money,Negative,0.9999999999999971
SAVE YOUR MONEY!!!,Price / Value,SAVE YOUR MONEY,Negative,0.9999999945195628
NOT WORTH IT,Price / Value,NOT WORTH IT,Negative,0.721810111928068
"Don't buy unless you want an expensive, basic install guide",Price / Value,"Don't buy unless you want an expensive, basic install guide",Negative,0.9999999972484803
Good value priced thin curf pull saw.,Price / Value,Good value priced thin curf pull saw,Negative,0.99999836436359
Plastic but a nice shower head,Build Quality,Plastic,Negative,0.9999320914403319
Not Worth The Effort,Price / Value,Not Worth The Effort,Negative,0.960349238705477
not worth the buy,Price / Value,not worth the buy,Negative,0.9980444806721832
"Not reference quality, but very good none the less",Build Quality,Not reference quality,Positive,0.9096707804231826
Dont waste your money,Price / Value,Dont waste your money,Negative,1.0
"A Bad design, made with inferior materials",Build Quality,"A Bad design, made with inferior materials",Negative,1.0
Not worth even $1.00,Price / Value,Not worth even $1,Negative,0.999900936967301
Faulty design,Build Quality,Faulty design,Negative,1.0
This is a must have box fan,Delivery / Packaging,This is a must have box fan,Positive,0.9997203612640205
CHEAP IMMATATION NOT OXO,Price / Value,CHEAP IMMATATION NOT OXO,Negative,0.9999382718381495
No Customer Support,Customer Support,No Customer Support,Negative,0.9999999096799131
Great Book Worth Reading,Price / Value,Great Book Worth Reading,Positive,0.9993175130581573
The unreadable classic- or Greatness of Influence vs. Literary quality,Build Quality,Literary quality,Negative,0.9836066765073482
"Good book, terrible shipping",Delivery / Packaging,"Good book, terrible shipping",Negative,0.9999998309536539
Not too happy with the quality,Build Quality,Not too happy with the quality,Positive,0.9021348542045049
Keep the box handy!,Delivery / Packaging,Keep the box handy,Positive,0.9999997421624792
expensive but well worth it.,Price / Value,expensive ... well worth it,Negative,0.9155040140466797
A Book That Is Worth a Second Look,Price / Value,A Book That Is Worth a Second Look,Positive,0.9689529775429665
The story was very interesting and the book worth reading.,Price / Value,The story was very interesting and the book worth reading,Positive,0.9993443130868725
This toy is not worth the money,Price / Value,This toy is not worth the money,Negative,0.9997640175463696
Great coverage...lousy quality,Build Quality,lousy quality,Negative,0.9999999997229319
Broken right out of the box,Delivery / Packaging,Broken right out of the box,Negative,0.9999999923671056
Low quality dvd,Build Quality,Low quality dvd,Negative,0.999997472077462
"Bad Design, just buy the figures",Build Quality,"Bad Design, just buy the figures",Negative,0.99999999999972
"FULL VOLUME, FULL POWER TRIP!",Battery,"FULL VOLUME, FULL POWER TRIP",Positive,0.9999880324905581
Poor quality - new design?,Build Quality,Poor quality - new design,Negative,0.9999999999920812
"i just love them ,--------very fast shipping",Delivery / Packaging,"i just love them ,--------very fast shipping",Positive,0.9999839109958231
"Waste of money-""master""",Price / Value,"Waste of money-""master""",Negative,0.9999999998871196
Quality declined,Build Quality,Quality declined,Negative,0.9707336906682964
DVD Quality,Build Quality,DVD Quality,Negative,0.9901607213954852
Top Quality,Build Quality,Top Quality,Positive,0.953998431376921
Mummy Returns Poor Quality Transfer,Build Quality,Mummy Returns Poor Quality Transfer,Negative,0.9999997547268664
"You can keep my money, but can I have my 2 hours back?",Price / Value,You can keep my money,Negative,0.9999320561028959
Dont waste your money or time!!!!,Price / Value,Dont waste your money or time,Negative,1.0
cheap romance posing as historical fiction,Price / Value,cheap romance posing as historical fiction,Negative,0.8496986867868709
NOT a self help book!,Customer Support,NOT a self help book,Negative,0.9998197039854924
"Great storytelling. Nothing good on TV, especially quality.",Build Quality,"Nothing good on TV, especially quality",Negative,0.8698337504331779
Not a quality recording,Build Quality,Not a quality recording,Negative,0.9427387631565509
What a waste of money..,Price / Value,What a waste of money,Negative,0.9999999999999314
Save Your Money - Buy a Surefire or MagLite,Price / Value,Save Your Money - Buy a Surefire or MagLite,Negative,1.0
Very reliable hard drive with very good tech support,Customer Support,Very reliable hard drive with very good tech support,Negative,0.9999722384024445
No Support,Customer Support,No Support,Negative,0.9999110724945106
Cheap plastic parts,Build Quality,Cheap plastic parts,Negative,0.9999999999994211
Cheap plastic parts,Price / Value,Cheap plastic parts,Negative,0.9999999999994211
Great product but watch out for the packaging!,Delivery / Packaging,watch out for the packaging,Negative,0.9989373466480314
Totally worth the money and extra cleaning!,Price / Value,Totally worth the money and extra cleaning,Negative,0.9885143440322541
Great service from fastfriendlyservice,Customer Support,Great service from fastfriendlyservice,Positive,0.8643801528112243
Spend a little more and get quality instead,Build Quality,Spend a little more and get quality instead,Negative,0.9999999999999998
Bad material causing water to rot! Very bad!!,Build Quality,Bad material causing water to rot,Negative,1.0
Beware! Game crashes constantly. Expect no support from FUNCOM,Customer Support,Expect no support from FUNCOM,Negative,0.9999874240326586
Maybe great for back-up power - but not as a jumpstarter.,Battery,Maybe great for back-up power -,Negative,0.833771685329056
Worth every penny ...,Price / Value,Worth every penny,Positive,0.9999973786901203
Most expensive coffee you'll ever drink,Price / Value,Most expensive coffee you'll ever drink,Negative,0.9992199262187775
"Good idea, poor quality.",Build Quality,"Good idea, poor quality",Negative,0.9999999999814366
2 Great Godzilla Movies in 1 package,Delivery / Packaging,2 Great Godzilla Movies in 1 package,Positive,0.8786357266705567
Lip Service,Customer Support,Lip Service,Positive,0.9999999999999893
Dreadful picture and sound quality--needs remastering!,Build Quality,Dreadful picture and sound quality--needs remastering,Negative,1.0
Poor Service,Customer Support,Poor Service,Negative,0.9999999579277201
High Quality Strong Rings,Build Quality,High Quality Strong Rings,Positive,0.9999999778635553
Essential Hair Metal,Build Quality,Essential Hair Metal,Positive,0.9999999993034967
Where is the Quality?,Build Quality,Where is the Quality,Negative,0.9707336906682964
Compact and durable,Build Quality,Compact and durable,Positive,0.9999999175314075
BEWARE: Cheap media. How much do you value peace of mind?,Price / Value,BEWARE: Cheap media ... How much do you value peace of mind,Negative,0.9749407565212092
Fun but little replay value,Price / Value,little replay value,Positive,0.9989359328114363
Terrible picture quality,Build Quality,Terrible picture quality,Negative,0.99999999995077
OXO changed the design. Not good.,Build Quality,OXO changed the design,Negative,0.9899468922761272
cheaper video equals cheaper quality,Build Quality,cheaper video equals cheaper quality,Negative,0.9975774303230921
Million Dollar Movie - I under paid at the box office,Delivery / Packaging,Million Dollar Movie - I under paid at the box office,Negative,0.999974017786433
DESIGN FLAW,Build Quality,DESIGN FLAW,Negative,0.9999996961399382
Leaves jagged edges on metal lids,Build Quality,Leaves jagged edges on metal lids,Negative,0.999999999991376
"Good Design, Cheap Prodcut",Build Quality,"Good Design, Cheap Prodcut",Negative,0.9999999207496703
"Good Design, Cheap Prodcut",Price / Value,"Good Design, Cheap Prodcut",Negative,0.9999999207496703
Its pretty fast and strong wind compared to another box fan i have,Delivery / Packaging,Its pretty fast and strong wind compared to another box fan i have,Positive,0.998663231084312
This box is the right way to hear VU (if you dare),Delivery / Packaging,This box is the right way to hear VU (if you dare),Negative,0.9999759958643699
Don't Waste your money,Price / Value,Don't Waste your money,Negative,0.9999999999999314
"lightweight, sturdy, good value",Price / Value,"lightweight, sturdy, good value",Positive,0.9999999944379248
"Bad packaging, loud, and smells",Delivery / Packaging,"Bad packaging, loud, and smells",Negative,0.9999999820572055
Drains Batteries Way Way Fast!!,Battery,Drains Batteries Way Way Fast,Negative,0.9886465498048619
Great product for the price,Price / Value,Great product for the price,Positive,0.9992639311512526
.NOT MY TYPE OF COTTAGE DESIGN,Build Quality,NOT MY TYPE OF COTTAGE DESIGN,Negative,0.9999799076712423
quality color blocks will last a LONG time...,Build Quality,quality color blocks will last a LONG time,Positive,0.9999999999974563
The Power of Your Vision,Battery,The Power of Your Vision,Positive,0.9719835531025637
A Honey for the Money,Price / Value,A Honey for the Money,Positive,0.9993432007432005
This is worth the cash,Price / Value,This is worth the cash,Negative,0.9999992638839931
Cheap Boots,Price / Value,Cheap Boots,Negative,0.9791948367247298
Not just cheap propaganda!,Price / Value,Not just cheap propaganda,Negative,0.9999999999996096
do not waste your money,Price / Value,do not waste your money,Negative,0.9999999999999314
Worth the investment,Price / Value,Worth the investment,Positive,0.999981197552377
criminally under rated doom metal!,Build Quality,criminally under rated doom metal,Positive,0.9999999999994047
"Great book, skip intro, expensive ebook",Price / Value,"Great book, skip intro, expensive ebook",Negative,0.9994203384596148
"Great Price, Great Product",Price / Value,"Great Price, Great Product",Positive,0.9999854613919872
"Great fun, poor quality",Build Quality,"Great fun, poor quality",Negative,0.9977950236825012
Poor Disc Packaging,Delivery / Packaging,Poor Disc Packaging,Negative,0.9999999986775132
These do a good job at an excellent price.,Price / Value,These do a good job at an excellent price,Positive,0.9999999999862148
Total Waste of Money!,Price / Value,Total Waste of Money,Negative,1.0
SO NOT WORTH THE MONEY....OR HASSLE!!,Price / Value,SO NOT WORTH THE MONEY,Negative,0.9997865235122964
"Great fun, but bad design, pops apart, and that's all folks!",Build Quality,"bad design, pops apart, and that's all folks",Negative,1.0
Leaky diaper...cheap - use Cruisers instead!,Price / Value,cheap - use Cruisers instead,Negative,0.9999999999994182
Don't be fooled. Save your money.,Price / Value,Save your money,Negative,0.9999999945195628
GPS Power/Charger,Battery,GPS Power/Charger,Positive,0.9999999999049309
great value for the money,Price / Value,great value for the money,Positive,0.8326228950557989
worth the money...,Price / Value,worth the money,Negative,0.9997865235122964
Nice Durable Cookware Set For A Cheap Price,Build Quality,Nice Durable Cookware Set For A Cheap Price,Positive,0.9999999993144684
Nice Durable Cookware Set For A Cheap Price,Price / Value,Nice Durable Cookware Set For A Cheap Price,Positive,0.9999999993144684
low price,Price / Value,low price,Negative,0.9758111391330213
disappointing sound quality,Build Quality,disappointing sound quality,Negative,0.9999999999754172
"Doesn't work with XP, Terrible customer support.",Customer Support,"Doesn't work with XP, Terrible customer support",Negative,1.0
Just as good as the expensive ones! (maybe better!),Price / Value,Just as good as the expensive ones,Positive,0.8520529430598252
"Ear torture, and a waste of money",Price / Value,"Ear torture, and a waste of money",Negative,1.0
Grave Metal,Build Quality,Grave Metal,Negative,0.8436722927706792
a Very Good self Help Book,Customer Support,a Very Good self Help Book,Negative,0.9989445068679872
Why waste your time and money.,Price / Value,Why waste your time and money,Negative,0.9999999999999691
4th rate death metal .,Build Quality,4th rate death metal,Positive,0.9839167484898285
The book was worth double its cost or more!,Price / Value,The book was worth double its cost or more,Negative,0.5058915601500544
Nice for the Price,Price / Value,Nice for the Price,Positive,0.9998362022218857
A waste of money! No musical value at all.,Price / Value,A waste of money ... No musical value at all,Negative,0.9999998915693626
High Quality Viewing,Build Quality,High Quality Viewing,Positive,0.815361375865658
A soup-to-nuts architecture/design book for WebSphere!,Build Quality,A soup-to-nuts architecture/design book for WebSphere,Positive,1.0
Great camera for the money,Price / Value,Great camera for the money,Positive,0.5533084156545311
Not worth the trouble,Price / Value,Not worth the trouble,Negative,0.999998266125273
Bon Jovi gives metal a bad name,Build Quality,Bon Jovi gives metal a bad name,Positive,0.9527138430636601
Not nearly enough information on design,Build Quality,Not nearly enough information on design,Negative,0.9999999998107885
"Beautiful color, excellent product, great price & fast shipping.",Price / Value,"Beautiful color, excellent product, great price & fast shipping",Positive,0.9999999999999971
"Beautiful color, excellent product, great price & fast shipping.",Delivery / Packaging,"Beautiful color, excellent product, great price & fast shipping",Positive,0.9999999999999971
NICE FOR THE MONEY,Price / Value,NICE FOR THE MONEY,Negative,0.9647220373058747
Save your money to buy better components,Price / Value,Save your money to buy better components,Negative,0.9999999999922042
Quality lacking,Build Quality,Quality lacking,Negative,0.9999912843010725
Not bad but some cheap parts,Price / Value,some cheap parts,Negative,0.9999999910185239
AHHH HELP ME,Customer Support,AHHH HELP ME,Negative,0.9999999771018601
spend your money on something else!!,Price / Value,spend your money on something else,Negative,0.999999999999994
Cheap!,Price / Value,Cheap,Negative,0.9998303218514967
Worth The Money,Price / Value,Worth The Money,Negative,0.9997865235122964
Great movie. Worth watching. The feel good movie of 50 years ago!,Price / Value,Worth watching,Negative,0.9755944003765349
Useless - wasted money,Price / Value,Useless - wasted money,Negative,1.0
Great bonus material,Build Quality,Great bonus material,Positive,0.9902609779059207
still shipping 2 weeks later,Delivery / Packaging,still shipping 2 weeks later,Negative,0.9999991396126984
Save your money for a better book,Price / Value,Save your money for a better book,Negative,0.9999999934294508
"Terrible, fake, sleazy, cheap disappointment",Price / Value,"Terrible, fake, sleazy, cheap disappointment",Negative,1.0
Good reference text but minimal groundbreaking value,Price / Value,minimal groundbreaking value,Negative,0.9999999999981064
"Once Quality, Now Junk!",Build Quality,"Once Quality, Now Junk",Negative,0.9999999999999456
Expensive Shipping,Price / Value,Expensive Shipping,Negative,0.9980209195945875
Expensive Shipping,Delivery / Packaging,Expensive Shipping,Negative,0.9980209195945875
Quality was below par,Build Quality,Quality was below par,Negative,0.9999999859605624
Great value for high quality!!!!,Build Quality,Great value for high quality,Positive,0.998042871820397
Great value for high quality!!!!,Price / Value,Great value for high quality,Positive,0.998042871820397
Knock off Ray Bans at an unbeatable price,Price / Value,Knock off Ray Bans at an unbeatable price,Positive,0.9999999999999512
Nothing more than dollar store quality index cards,Build Quality,Nothing more than dollar store quality index cards,Negative,0.9999999999290747
Horrible Battery Life,Battery,Horrible Battery Life,Negative,0.9999999999583917
Buyers beware: Seriously toxic and clearly a waste of your money!,Price / Value,Buyers beware: Seriously toxic and clearly a waste of your money,Negative,1.0
"MISSING EXTENDED "" I CAN'T HELP IT""",Customer Support,"MISSING EXTENDED "" I CAN'T HELP IT""",Negative,0.999996506757208
"Nice design, but not sturdy enough",Build Quality,Nice design,Negative,0.9892374935611663
Quality of Sound,Build Quality,Quality of Sound,Negative,0.9985269074342383
Terrible waste of money.,Price / Value,Terrible waste of money,Negative,1.0
"nice pictures, not durable",Build Quality,"nice pictures, not durable",Negative,0.9289445231452439
"Excellent features, Great Value",Price / Value,"Excellent features, Great Value",Positive,0.9999999940594657
"Excellent Sound, Value for $$",Price / Value,"Excellent Sound, Value for $$",Positive,0.9999996826733265
Defective Out of the Box,Delivery / Packaging,Defective Out of the Box,Negative,0.999999999910997
What a waste of money and time! Don't buy it!,Price / Value,What a waste of money and time,Negative,0.9999999999999691
Lush synth-pop with hipper-than-hip vocal support.,Customer Support,Lush synth-pop with hipper-than-hip vocal support,Positive,0.9999999999999734
The Book of Falling Quality,Build Quality,The Book of Falling Quality,Negative,0.9999796330334856
Worth it,Price / Value,Worth it,Negative,0.721810111928068
Armed Response,Customer Support,Armed Response,Negative,0.9970930968168528
"Fun movie, Terrible DVD especially for the price",Price / Value,"Fun movie, Terrible DVD especially for the price",Positive,0.960959963968181
Great Movie But Awful Sound Quality by KINO,Build Quality,Awful Sound Quality by KINO,Negative,1.0
"Good value, fair design",Build Quality,"Good value, fair design",Negative,0.992368794374326
"Good value, fair design",Price / Value,"Good value, fair design",Negative,0.992368794374326
Movie: 3~4.5/5 Picture Quality: 3.5~4.75/5 Sound Quality: 4~4.75/5 Extras: 0~4/5,Build Quality,5/5 Picture Quality: 3 ... 75/5 Sound Quality: 4~4,Negative,0.9996827532196888
terrible shipping service,Customer Support,terrible shipping service,Negative,0.9999999982714391
terrible shipping service,Delivery / Packaging,terrible shipping service,Negative,0.9999999982714391
Power to women,Battery,Power to women,Positive,0.9899756005292187
The Worst Quality Blu-ray ever!,Build Quality,The Worst Quality Blu-ray ever,Negative,0.9999999999798945
"Good support, but expensive and not durable!",Customer Support,Good support,Negative,0.9994791674809477
"Good support, but expensive and not durable!",Build Quality,expensive and not durable,Negative,0.9991958889198934
"Good support, but expensive and not durable!",Price / Value,expensive and not durable,Negative,0.9991958889198934
Good price point,Price / Value,Good price point,Positive,0.9885889037118986
one of the best metal bands ever,Build Quality,one of the best metal bands ever,Positive,0.9999999123019908
"Good price, good product.",Price / Value,"Good price, good product",Positive,0.9989141339794785
"great diapers, great service",Customer Support,"great diapers, great service",Positive,0.9988704680048601
Please do not waste your money!,Price / Value,Please do not waste your money,Negative,1.0
Nice cookware....for the price.,Price / Value,for the price,Positive,0.9898416453054183
"Dude, Where's My Refund?",Customer Support,"Dude, Where's My Refund",Negative,1.0
excellent movie..horrible quality,Build Quality,horrible quality,Negative,0.999999999999033
A great Help !,Customer Support,A great Help,Positive,0.9233142536197544
Lousy picture quality,Build Quality,Lousy picture quality,Negative,0.9999999999911067
Poorly plotted and pictured and definentely not worth it.,Price / Value,Poorly plotted and pictured and definentely not worth it,Negative,1.0
Of questionable value,Price / Value,Of questionable value,Negative,0.9993875010635999
Don't waste your money. Get the Chicago instead,Price / Value,Don't waste your money,Negative,0.9999999999999314
Help for NT users,Customer Support,Help for NT users,Negative,0.9999999999925722
Poor Quality and poor Customer Service from CAP,Build Quality,Poor Quality and poor Customer Service from CAP,Negative,1.0
Poor Quality and poor Customer Service from CAP,Customer Support,Poor Quality and poor Customer Service from CAP,Negative,1.0
--Worth reading--,Price / Value,--Worth reading--,Positive,0.9468187576309097
Nice affordable case,Price / Value,Nice affordable case,Positive,1.0
"Great Product, Lousy Service",Customer Support,"Great Product, Lousy Service",Negative,0.9999999838931477
Disposable but good customer service,Customer Support,good customer service,Negative,0.99925199114534
One of there less durable products,Build Quality,One of there less durable products,Negative,0.9999829593569155
Terrible Picture Quality on Blu Ray,Build Quality,Terrible Picture Quality on Blu Ray,Negative,0.9999999999794373
Worth Every Penny!,Price / Value,Worth Every Penny,Positive,0.9999973786901203
Not worth the money!!!,Price / Value,Not worth the money,Negative,0.9997865235122964
Big Box of Boynton,Delivery / Packaging,Big Box of Boynton,Positive,0.9999999999984874
Great Product & fast delivery!,Delivery / Packaging,Great Product & fast delivery,Positive,0.9997847934561032
Not very smart design,Build Quality,Not very smart design,Negative,0.9840495283216115
Great value for the money,Price / Value,Great value for the money,Positive,0.8326228950557989
Customer support is nill,Customer Support,Customer support is nill,Negative,0.9999999096799131
Overall package,Delivery / Packaging,Overall package,Positive,0.9954180702713729
Cheap shoes.,Price / Value,Cheap shoes,Negative,0.9650553198969609
poor quality cd player,Build Quality,poor quality cd player,Negative,0.9999999931895871
B Movie Material from a Likeable Source,Build Quality,B Movie Material from a Likeable Source,Negative,0.9986588317828379
Want my money back.,Price / Value,Want my money back,Negative,0.9996286644874032
poor service,Customer Support,poor service,Negative,0.9999999579277201
Easy money for the authors.,Price / Value,Easy money for the authors,Negative,0.9989128655846388
Price higher than quality,Build Quality,Price higher than quality,Negative,0.9998956883340686
Price higher than quality,Price / Value,Price higher than quality,Negative,0.9998956883340686
Quality filmaking,Build Quality,Quality filmaking,Negative,0.9707336906682964
Low quality of printer,Build Quality,Low quality of printer,Negative,0.9999998449813139
web support gone,Customer Support,web support gone,Negative,0.99999939625014
Packaging,Delivery / Packaging,Packaging,Negative,0.9856014745207348
The movie is awesome but the DVD quality is BAD!!,Build Quality,the DVD quality is BAD,Negative,0.9999963847295932
worth the time,Price / Value,worth the time,Negative,0.8526974073840152
A great read and a great price,Price / Value,A great read and a great price,Positive,0.9999996191324229
Price Change,Price / Value,Price Change,Positive,0.9998880577569594
Cheap and worth it,Price / Value,Cheap and worth it,Negative,0.9999379284442829
Don't Be Fooled by It's Simple Design: This is a Great Slingshot,Build Quality,Don't Be Fooled by It's Simple Design: This is a Great Slingshot,Negative,0.9999999044472156
Not worth your time. I 'm not sure it's worth one star.,Price / Value,Not worth your time ... I 'm not sure it's worth one star,Negative,0.9999995267775214
Product Quality Issues and Support.,Build Quality,Product Quality Issues and Support,Negative,0.9999999401586739
Product Quality Issues and Support.,Customer Support,Product Quality Issues and Support,Negative,0.9999999401586739
Fun toy but not durable,Build Quality,not durable,Negative,0.8964621721689682
Good Solid Material,Build Quality,Good Solid Material,Positive,0.9999999822608622
You're gambling on the power supply if you buy this. READ THE 1-STAR REVIEWS.,Battery,You're gambling on the power supply if you buy this,Negative,0.9999452015628877
Not up to Monster reputation and cost,Price / Value,Not up to Monster reputation and cost,Positive,0.9996333049208251
Makes the series worth it.,Price / Value,Makes the series worth it,Positive,0.9958344715255266
2 cars for the price of one.,Price / Value,2 cars for the price of one,Positive,0.9999674551077657
Not worth the 3 month wait,Price / Value,Not worth the 3 month wait,Negative,0.9999609803905612
Cheap corkscrew,Price / Value,Cheap corkscrew,Negative,0.9998303218514967
Don't waist your money on this,Price / Value,Don't waist your money on this,Negative,0.9999999979812833
Inconsistent charging since purchase,Battery,Inconsistent charging since purchase,Negative,1.0
"Huggies Snug and dry Is much better, and are almost same price",Price / Value,"Huggies Snug and dry Is much better, and are almost same price",Negative,0.9999057630397387
Not Good Quality,Build Quality,Not Good Quality,Negative,0.8498692702723925
Still not arrived 8 days later...,Delivery / Packaging,Still not arrived 8 days later,Negative,0.8654434539683209
no two day delivery almost made for a diaper emergency,Delivery / Packaging,no two day delivery almost made for a diaper emergency,Positive,0.9999999999994271
Great for the Price,Price / Value,Great for the Price,Positive,0.9997974834104703
Great little amp for the price!,Price / Value,Great little amp for the price,Positive,0.9999999997228979
I wish I could get a refund!,Customer Support,I wish I could get a refund,Negative,1.0
Quality daily ink,Build Quality,Quality daily ink,Positive,0.9995021275050578
Poor Construction - Wires always breaking,Build Quality,Poor Construction - Wires always breaking,Negative,0.9999999999999982
"Superb Picture Quality, Superb film!",Build Quality,"Superb Picture Quality, Superb film",Positive,0.9999999999999989
4 good movies for this price!,Price / Value,4 good movies for this price,Positive,0.999990091732866
A MUST have product that saves money,Price / Value,A MUST have product that saves money,Positive,0.9999999861110065
terrible battery life,Battery,terrible battery life,Negative,0.9999999340055251
At least it's short and cheap,Price / Value,At least it's short and cheap,Negative,0.9999999956790828
A Fantasy Tale Worth Reading,Price / Value,A Fantasy Tale Worth Reading,Positive,0.9999997232299449
Well worth the wait,Price / Value,Well worth the wait,Positive,0.875397394831917
Too much money for too little,Price / Value,Too much money for too little,Negative,0.9999667146298484
"bolts were defective, customer service was nonexistent",Customer Support,"bolts were defective, customer service was nonexistent",Negative,1.0
Poor Quality Rocking Hore,Build Quality,Poor Quality Rocking Hore,Positive,0.9999998681360694
Not worth,Price / Value,Not worth,Negative,0.721810111928068
An OEM Battery at a Fraction of the OEM Price,Battery,An OEM Battery at a Fraction of the OEM Price,Positive,1.0
An OEM Battery at a Fraction of the OEM Price,Price / Value,An OEM Battery at a Fraction of the OEM Price,Positive,1.0
"Save your money, don't fall into this trap",Price / Value,"Save your money, don't fall into this trap",Negative,0.9999999999999993
Songs to Make You Believe in the Power of Music Again,Battery,Songs to Make You Believe in the Power of Music Again,Negative,0.9543914799156218
"excellent coffee, but expensive",Price / Value,expensive,Negative,0.9927118061348587
High quality crusher,Build Quality,High quality crusher,Positive,0.9999999999999998
Best price for this poster/quick shipping,Price / Value,Best price for this poster/quick shipping,Positive,0.9999999996108373
Best price for this poster/quick shipping,Delivery / Packaging,Best price for this poster/quick shipping,Positive,0.9999999996108373
don't underestimate your dog's chewing power,Battery,don't underestimate your dog's chewing power,Positive,0.9875942406004692
Fantastic Lens and Service!,Customer Support,Fantastic Lens and Service,Positive,0.9999999989572679
Not as advertised. Cheap product.,Price / Value,Cheap product,Negative,0.9999533351702675
Dont waste your money on a JVC product!!!!!,Price / Value,Dont waste your money on a JVC product,Negative,1.0
Just bought my third Charge,Battery,Just bought my third Charge,Negative,0.9999935878170726
A Holiday Worth Skipping!,Price / Value,A Holiday Worth Skipping,Negative,0.7282699838942088
Book quality,Build Quality,Book quality,Negative,0.9433270594289742
It's not worth buying if you already have other X-men games.,Price / Value,It's not worth buying if you already have other X-men games,Negative,0.9999380641947199
Pretty crappy material,Build Quality,Pretty crappy material,Negative,0.9999999916645353
Good For The Price,Price / Value,Good For The Price,Positive,0.9982515708444051
Dissappointed in quality,Build Quality,Dissappointed in quality,Negative,1.0
Excellent Quality Material,Build Quality,Excellent Quality Material,Positive,0.9872893416256324
Look Back to A Life Worth Living...,Price / Value,Look Back to A Life Worth Living,Positive,0.9999998672933553
"Priya Gandhi-Ganesh needs help, worthless, trash of a book",Customer Support,"Priya Gandhi-Ganesh needs help, worthless, trash of a book",Negative,1.0
"excellent condition, cheap price",Price / Value,"excellent condition, cheap price",Positive,0.9996043771971937
"Good sound quality, but poor build",Build Quality,Good sound quality ... poor build,Negative,0.9999999999114375
Great Picture and Good Quality,Build Quality,Great Picture and Good Quality,Negative,0.7768323688257054
Cannot Support The Impulse,Customer Support,Cannot Support The Impulse,Negative,0.9999586408922256
Excellent! Worth the money!,Price / Value,Worth the money,Negative,0.9997865235122964
"Love it, packaging is gorgeous!!",Delivery / Packaging,"Love it, packaging is gorgeous",Positive,0.9999999992740785
Quality Music for Children,Build Quality,Quality Music for Children,Positive,0.5019678014890582
Great condition and arrived early,Delivery / Packaging,Great condition and arrived early,Positive,0.9925328629302532
Good value as an add-on. Not as nice as the stainless version,Price / Value,Good value as an add-on,Positive,0.9997438833378424
"Save yourself some time and money, dont' buy this",Price / Value,"Save yourself some time and money, dont' buy this",Negative,0.9999999999999998
Poor design and poorly made,Build Quality,Poor design and poorly made,Negative,1.0
"Quality, and BIG.",Build Quality,"Quality, and BIG",Negative,0.9986898717988062
poor quality for price ratio,Build Quality,poor quality for price ratio,Negative,0.9999999999999889
poor quality for price ratio,Price / Value,poor quality for price ratio,Negative,0.9999999999999889
"Good range of sizes, poor label quality",Build Quality,"Good range of sizes, poor label quality",Negative,0.9999999999991034
Great receiver at very decent price.,Price / Value,Great receiver at very decent price,Positive,0.9999999995865891
Great shoes and great price,Price / Value,Great shoes and great price,Positive,0.9999999812625612
worth watch movie,Price / Value,worth watch movie,Negative,0.98120555789719
Symphonic metal up the ying yang = awesome!!,Build Quality,Symphonic metal up the ying yang = awesome,Positive,1.0
CHEAP,Price / Value,CHEAP,Negative,0.9998303218514967
Good price!,Price / Value,Good price,Positive,0.9982515708444051
Pure Quality,Build Quality,Pure Quality,Negative,0.960143195811934
Not worth the effort,Price / Value,Not worth the effort,Negative,0.960349238705477
Never buy this product it's a wast of money,Price / Value,Never buy this product it's a wast of money,Negative,1.0
Good value for the money,Price / Value,Good value for the money,Negative,0.6348005474764302
good quality for price,Build Quality,good quality for price,Positive,0.94231853053374
good quality for price,Price / Value,good quality for price,Positive,0.94231853053374
"Ordered battery operated, got plug in",Battery,"Ordered battery operated, got plug in",Negative,0.9999984256566071
really low quality,Build Quality,really low quality,Negative,0.9999984794494129
Spend your money elsewhere...,Price / Value,Spend your money elsewhere,Negative,0.9999999999999973
Not worth it!,Price / Value,Not worth it,Negative,0.721810111928068
Worth it for the Furs cover alone.,Price / Value,Worth it for the Furs cover alone,Negative,0.7314499156645032
Great value for good quality product,Build Quality,Great value for good quality product,Positive,0.9975901232582808
Great value for good quality product,Price / Value,Great value for good quality product,Positive,0.9975901232582808
Disappointing that Amazon's Price is 15.00 more than at B&N,Price / Value,Disappointing that Amazon's Price is 15,Negative,0.9999999877753297
Worth the time,Price / Value,Worth the time,Negative,0.8526974073840152
Great Quantity for Price,Price / Value,Great Quantity for Price,Negative,0.9887354324162166
"Lovely, but POOR color quality",Build Quality,POOR color quality,Negative,0.9999999991225459
Worth your time and very enjoyable historical (biblical) novel,Price / Value,Worth your time and very enjoyable historical (biblical) novel,Positive,0.999999999999891
Works out of the box with Tivo HD-XL and Tivo Series 2 DVR,Delivery / Packaging,Works out of the box with Tivo HD-XL and Tivo Series 2 DVR,Positive,1.0
Great value and great products,Price / Value,Great value and great products,Positive,0.9999767385811885
ok for the price,Price / Value,ok for the price,Negative,0.92864665074968
don't like the quality,Build Quality,don't like the quality,Negative,0.9914189366877001
cheap but amazingly useful,Price / Value,cheap,Negative,0.9998303218514967
So interesting it's worth a novel.,Price / Value,So interesting it's worth a novel,Positive,0.9769514366313214
Very good product for the price you pay!,Price / Value,Very good product for the price you pay,Negative,0.9161094449787399
A review of the actual quality of this edition,Build Quality,A review of the actual quality of this edition,Negative,0.9998927910101434
"""Frustration Free"" packaging is anything but",Delivery / Packaging,"""Frustration Free"" packaging is anything",Negative,1.0
Rocket worth a quarter - Pay $9,Price / Value,Rocket worth a quarter - Pay $9,Negative,1.0
Edited album from a more complete package 2 CD set,Delivery / Packaging,Edited album from a more complete package 2 CD set,Negative,0.9999999916171197
"For the price, what I expected",Price / Value,"For the price, what I expected",Positive,0.7778185578331276
Waste of money - Caveat Emptor,Price / Value,Waste of money - Caveat Emptor,Negative,1.0
Decent for the price,Price / Value,Decent for the price,Positive,0.9953409530951493
Very poor quality and zero manufacturer support,Build Quality,Very poor quality and zero manufacturer support,Negative,1.0
Very poor quality and zero manufacturer support,Customer Support,Very poor quality and zero manufacturer support,Negative,1.0
One song is worth price of admission,Price / Value,One song is worth price of admission,Positive,0.9999999999999993
Great Value,Price / Value,Great Value,Positive,0.9998886414081999
Feels cheap,Price / Value,Feels cheap,Negative,0.9998164152723686
Great Electric Sharpener for the Price,Price / Value,Great Electric Sharpener for the Price,Positive,0.9999999990451229
Worth it for the Price!!!,Price / Value,Worth it for the Price,Positive,0.9727089290713898
Durable Tent for Kids.,Build Quality,Durable Tent for Kids,Positive,0.9998259471839197
Money unwisely spent,Price / Value,Money unwisely spent,Negative,0.9991888602621175
Waste of Money!!,Price / Value,Waste of Money,Negative,0.9999999999999314
Insight on memory in an appalling packaging,Delivery / Packaging,Insight on memory in an appalling packaging,Negative,0.9999999999997824
Great book. Worth while.,Price / Value,Worth,Negative,0.721810111928068
Great begining but.... have to agree waste of money and time,Price / Value,have to agree waste of money and time,Negative,1.0
poor quality control,Build Quality,poor quality control,Negative,0.9999999999777487
Poor support for defective Zumo,Customer Support,Poor support for defective Zumo,Negative,1.0
Get white teeth for a decent price.,Price / Value,Get white teeth for a decent price,Negative,0.6509458820298375
HELP US TO RISE,Customer Support,HELP US TO RISE,Negative,0.7035280919348144
Good Quality but little tight,Build Quality,Good Quality,Negative,0.8498692702723925
help me!,Customer Support,help me,Negative,0.8079871621346206
It's not an easy read but it's worth it,Price / Value,it's worth it,Negative,0.721810111928068
Bad Design,Build Quality,Bad Design,Negative,0.9999999368142538
Worth The Wait,Price / Value,Worth The Wait,Negative,0.8302765734156363
Absolutely great service,Customer Support,Absolutely great service,Positive,0.9889088510977515
Best Value!,Price / Value,Best Value,Positive,0.9999922914544478
Not worth the $$$$$,Price / Value,Not worth the $$$$$,Negative,0.721810111928068
Beach luxury at a great price,Price / Value,Beach luxury at a great price,Positive,0.9999999766512117
Widescreen Collector's Edition a better value for your money...,Price / Value,Widescreen Collector's Edition a better value for your money,Negative,0.9857587317231585
It truly is like getting a year's worth of college in one easy-to-read book!,Price / Value,It truly is like getting a year's worth of college in one easy-to-read book,Positive,0.9999998205827225
Cheap quality.,Build Quality,Cheap quality,Negative,0.9999951441310484
Cheap quality.,Price / Value,Cheap quality,Negative,0.9999951441310484
Waste of time and money,Price / Value,Waste of time and money,Negative,0.9999999999999691
Can someone help me find coordinating items?,Customer Support,Can someone help me find coordinating items,Negative,0.9928061420917164
"Like others said, this is cheap and doesn't work",Price / Value,"Like others said, this is cheap and doesn't work",Negative,0.9999999995109159
A MUST SEE for those who make the journey of what life's worth...,Price / Value,A MUST SEE for those who make the journey of what life's worth,Positive,0.9999999997960292
RESCUE IS WORTH EVERY PENNY,Price / Value,RESCUE IS WORTH EVERY PENNY,Positive,0.9999999010877674
Cheap cinematic tricks.,Price / Value,Cheap cinematic tricks,Negative,0.9983104538241753
Typos mar an otherwise great value,Price / Value,Typos mar an otherwise great value,Negative,0.9999897207638401
"very good speakers, dirty cheap",Price / Value,"very good speakers, dirty cheap",Positive,0.9842090286958307
Great for large rooms & worth the $,Price / Value,Great for large rooms & worth the $,Negative,0.8506337072137911
"High quality, good price and works great.",Build Quality,"High quality, good price and works great",Positive,0.999989428493359
"High quality, good price and works great.",Price / Value,"High quality, good price and works great",Positive,0.999989428493359
Great value,Price / Value,Great value,Positive,0.9998886414081999
Waisting of your money,Price / Value,Waisting of your money,Negative,0.9994165960678958
Don't give your power away to a dream dictionary like this,Battery,Don't give your power away to a dream dictionary like this,Negative,0.9999974576494032
Unreliable rubber valve design won't last long,Build Quality,Unreliable rubber valve design won't last long,Negative,1.0
"Not her typical English setting, but still worth a read...",Price / Value,still worth a read,Positive,0.995206431292045
CHEAP CHEAP CHEAP!!!!,Price / Value,CHEAP CHEAP CHEAP,Negative,0.9999999999955975
Excellent Book and Service,Customer Support,Excellent Book and Service,Positive,0.9999890224574614
Waist of time and money,Price / Value,Waist of time and money,Negative,0.9999999990951587
"Excellent Product for the Price, until...",Price / Value,"Excellent Product for the Price, until",Positive,0.9999998972988721
RUSTED! Inspect metal base!,Build Quality,Inspect metal base,Positive,0.5353964875757704
NOT WORTH A DIME,Price / Value,NOT WORTH A DIME,Negative,0.9999999999999998
Not Quality,Build Quality,Not Quality,Negative,0.9707336906682964
"Nice product, bad service",Customer Support,"Nice product, bad service",Negative,0.9992122220472075
"Good Sound, Poor Construction",Build Quality,"Good Sound, Poor Construction",Negative,0.9999999999993245
"A versatile, quality made tool",Build Quality,"A versatile, quality made tool",Positive,1.0
It's for application design too !,Build Quality,It's for application design too,Positive,0.9977958146575141
Well worth the read.,Price / Value,Well worth the read,Positive,0.9928592328969459
material is great,Build Quality,material is great,Negative,0.7254362337339328
Disappointed that I wasted my money,Price / Value,Disappointed that I wasted my money,Negative,1.0
Cheap Quality,Build Quality,Cheap Quality,Negative,0.9999951441310484
Cheap Quality,Price / Value,Cheap Quality,Negative,0.9999951441310484
Very pretty and good quality,Build Quality,Very pretty and good quality,Positive,0.585821460274811
"Paper on ""hand decorated"" box looks cheap",Price / Value,"Paper on ""hand decorated"" box looks cheap",Negative,1.0
"Paper on ""hand decorated"" box looks cheap",Delivery / Packaging,"Paper on ""hand decorated"" box looks cheap",Negative,1.0
Battery charger,Battery,Battery charger,Negative,0.7029717167837104
Movie is awesome. Service comperable to Wal-Mart,Customer Support,Service comperable to Wal-Mart,Positive,0.9998817651193612
Cheap Not worth your money,Price / Value,Cheap Not worth your money,Negative,0.9999999656090665
Poor quality for the money,Build Quality,Poor quality for the money,Negative,0.9999999999944138
Poor quality for the money,Price / Value,Poor quality for the money,Negative,0.9999999999944138
Steady Price Increase,Price / Value,Steady Price Increase,Negative,1.0
Best buy for quality and price!,Build Quality,Best buy for quality and price,Positive,0.9120921445034954
Best buy for quality and price!,Price / Value,Best buy for quality and price,Positive,0.9120921445034954
Good quality recordings,Build Quality,Good quality recordings,Negative,0.8304019618070816
Inexpensive.......but cheap,Price / Value,cheap,Negative,0.9998303218514967
